13010	KYOKUYO CO.,LTD.	0111
13050	iFreeETF TOPIX (Yearly Dividend Type)	0109
13060	NEXT FUNDS TOPIX Exchange Traded Fund	0109
13080	Listed Index Fund TOPIX	0109
13090	NEXT FUNDS ChinaAMC SSE50 Index Exchange Traded Fund	0109
130A0	Veritas In Silico Inc.	0113
13110	NEXT FUNDS TOPIX Core 30 Exchange Traded Fund	0109
13190	NEXT FUNDS Nikkei 300 Index Exchange Traded Fund	0109
131A0	CCN Group Corporation	0105
13200	iFreeETF Nikkei225 (Yearly Dividend Type)	0109
13210	NEXT FUNDS Nikkei 225 Exchange Traded Fund	0109
13220	Listed Index Fund China A Share (Panda) E Fund CSI300	0109
13250	NEXT FUNDS Ibovespa Linked Exchange Traded Fund	0109
13260	SPDR Gold Shares	0109
13280	NEXT FUNDS Gold Price Exchange Traded Fund	0109
13290	iShares Core Nikkei 225 ETF	0109
132A0	IN Holdings Co.,LTD.	0105
13300	Listed Index Fund 225	0109
13320	Nissui Corporation	0111
13330	Maruha Nichiro Corporation	0111
133A0	Global X Ultra Short-Term T-Bill ETF	0109
13430	NEXT FUNDS REIT INDEX ETF	0109
13450	Listed Index Fund J-REIT (Tokyo Stock Exchange REIT Index)Bi-Monthly Dividend Payment Type	0109
13460	MAXIS NIKKEI 225 ETF	0109
13480	MAXIS TOPIX ETF	0109
13490	ABF PAN ASIA BOND INDEX FUND	0109
134A0	UPraise,Inc	0105
13560	TOPIX Bear -2x ETF	0109
13570	NEXT FUNDS Nikkei 225 Double Inverse Index Exchange Traded Fund	0109
13580	Listed Index Fund Nikkei Leveraged Index	0109
135A0	VRAIN Solution,Inc.	0113
13600	Nikkei225 Bear -2x ETF	0109
13640	iShares JPX-Nikkei 400 ETF	0109
13650	iFreeETF Nikkei225 Leveraged Index	0109
13660	iFreeETF Nikkei225 Double Inverse Index	0109
13670	iFreeETF TOPIX Leveraged (2x) Index	0109
13680	iFreeETF TOPIX Double Inverse (-2x) Index	0109
13690	One ETF Nikkei225	0109
136A0	Sankosyoji Co.,Ltd.	0105
13750	YUKIGUNI FACTORY CO.,LTD.	0111
13760	KANEKO SEEDS CO.,LTD.	0112
13770	SAKATA SEED CORPORATION	0111
13790	HOKUTO CORPORATION	0111
137A0	Cocolive,Inc.	0113
13800	AKIKAWA FOODS & FARMS CO.,LTD.	0112
13810	AXYZ CO.,Ltd.	0112
13820	HOB Co.,Ltd.	0112
13830	Berg Earth co.,ltd.	0112
13840	Hokuryo Co.,Ltd.	0112
138A0	Hikari Food Service Co.,Ltd.	0113
13970	SMDAM NIKKEI225 ETF	0109
13980	SMDAM REIT Index ETF	0109
13990	Listed Index Fund MSCI Japan Equity High Dividend Low Volatility	0109
139A0	Higashinihon Jisho Co.,Ltd.	0105
14010	mbs,inc.	0113
14070	West Holdings Corporation	0112
140A0	iFreeETF 10-Year U.S. Treasury Note Futures Inverse	0109
14140	SHO-BOND Holdings Co.,Ltd.	0111
14170	MIRAIT ONE Corporation	0111
14180	INTERLIFE HOLDINGS CO.,LTD.	0112
14190	Tama Home Co.,Ltd.	0111
141A0	TRIAL Holdings,Inc.	0113
14200	Sanyo Homes Corporation	0112
14290	Nippon Aqua Co.,Ltd.	0111
142A0	JINJIB Co.,Ltd.	0113
14300	First-corporation Inc.	0112
14310	Lib Work Co.,Ltd.	0113
14320	DORYOKU Co.,Ltd.	0105
14330	BESTERRA CO.,LTD	0111
14340	JESCO Holdings,Inc.	0112
14350	robot home Inc.	0112
14360	GreenEnergy & Company Inc.	0113
14380	Gifu landscape architect Co.,Ltd.	0112
143A0	Ishin Co.,Ltd.	0113
14430	Giken Holdings Co.,Ltd.	0112
14440	Nissou Co.,Ltd.	0113
14450	Hikari Holdings Co.,Ltd.	0105
14460	CANDEAL Co.,Ltd.	0112
14470	SAAF Holdings Co.,Ltd.	0113
144A0	ENERGY POWER CO.,Ltd.	0105
14500	TANAKEN Inc.	0112
14520	YOKOHAMA WRIGHT Industries Co.,LTD	0105
14560	iFreeETF Nikkei225 Inverse Index	0109
14570	iFreeETF TOPIX Inverse (-1x) Index	0109
14580	Rakuten ETF - Nikkei 225 Leveraged Index	0109
14590	Rakuten ETF - Nikkei 225 Double Inverse Index	0109
145A0	L is B Corp.	0113
14660	iFreeETF JPX-Nikkei400 Double Inverse (-2x) Index	0109
14690	JPX-Nikkei 400 Bear -2x Double Inverse ETF	0109
146A0	Columbia Works Inc.	0112
14720	NEXT FUNDS JPX-Nikkei 400 Double Inverse Index Exchange Traded Fund	0109
14730	One ETF TOPIX	0109
14740	One ETF JPX-Nikkei 400	0109
14750	iShares Core TOPIX ETF	0109
14760	iShares Core Japan REIT ETF	0109
14770	iShares MSCI Japan Minimum Volatility (ex-REITs) ETF	0109
14780	iShares MSCI Japan High Dividend ETF	0109
14790	iFreeETF MSCI Japan Human and Physical Investment Index	0109
147A0	SORACOM,INC.	0113
14800	NEXT FUNDS Nomura Enterprise Value Allocation Index Exchange Traded Fund	0109
14810	Listed Index Fund Japanese Economy Contributor Stocks	0109
14820	iShares Core 7-10 Year US Treasury Bond JPY Hedged ETF	0109
14830	iShares JPX/S&P CAPEX & Human Capital ETF	0109
14840	One ETF JPX/S&P CAPEX & Human Capital Index	0109
14850	MAXIS JAPAN Proactive Investment in Physical and Human Capital 200 Index ETF	0109
14860	Listed Index Fund US Bond (No Currency Hedge)	0109
14870	Listed Index Fund US Bond (Currency Hedge)	0109
14880	iFreeETF Tokyo Stock Exchange REIT Index	0109
14890	NEXT FUNDS Nikkei 225 High Dividend Yield Stock 50 Index Exchange Traded Fund	0109
148A0	HATCH WORK CO.,LTD.	0113
14900	Listed Index Fund MSCI Japan Equity High Dividend Low Volatility (Beta Hedged)	0109
14910	Chugai Mining Co.,Ltd.	0112
14930	One ETF JPX-Nikkei Mid Small	0109
14940	One ETF High Dividend Japan Equity	0109
14950	Listed Index Fund Asian REIT	0109
14960	iShares USD Investment Grade Corporate Bond JPY Hedged ETF	0109
14970	iShares USD High Yield Corporate Bond JPY Hedged ETF	0109
14980	One ETF ESG	0109
14990	MAXIS Japan Equity High Dividend 70 Market Neutral ETF	0109
149A0	Thinca Co.,Ltd.	0113
150A0	JSH Co.,Ltd.	0113
15140	Sumiseki Holdings,Inc.	0112
15150	Nittetsu Mining Co.,Ltd.	0111
15180	MITSUI MATSUSHIMA HOLDINGS CO.,LTD.	0111
151A0	Dive Inc.	0113
152A0	OPTY CO.,LTD.	0105
153A0	Caulis Inc.	0113
15400	Japan Physical Gold ETF	0109
15410	Japan Physical Platinum ETF	0109
15420	Japan Physical Silver ETF	0109
15430	Japan Physical Palladium ETF	0109
15450	NEXT FUNDS NASDAQ-100(R) (Unhedged) Exchange Traded Fund	0109
15460	NEXT FUNDS DJIA (Unhedged) Exchange Traded Fund	0109
15470	Listed Index Fund US Equity (S&P500)	0109
154A0	GAIA Inc.	0105
15500	MAXIS Global Equity (MSCI Kokusai) ETF	0109
15510	TSE Standard Top 20 ETF	0109
15540	Listed Index Fund World Equity (MSCI ACWI) ex Japan	0109
15550	Listed Index Fund Australian REIT (S&P/ASX200 A-REIT)	0109
15570	SPDR S&P500 ETF Trust	0109
15590	NEXT FUNDS Thai Stock SET50 Exchange Traded Fund	0109
155A0	Information Strategy and Technology Co.,Ltd.	0113
15600	NEXT FUNDS FTSE Bursa Malaysia KLCI Exchange Traded Fund	0109
15630	TSE Growth Core ETF	0109
15660	Listed Index Fund Emerging Bond	0109
15680	TOPIX Bull 2x ETF	0109
15690	TOPIX Bear -1x ETF	0109
156A0	Material Group Inc.	0113
15700	NEXT FUNDS Nikkei 225 Leveraged Index Exchange Traded Fund	0109
15710	NEXT FUNDS Nikkei 225 Inverse Index Exchange Traded Fund	0109
15720	China Bull 2x HSCEI ETF	0109
15730	China Bear -1x HSCEI ETF	0109
15770	NEXT FUNDS Nomura Japan Equity High Dividend 70 Exchange Traded Fund	0109
15780	Listed Index Fund Nikkei 225 (Mini)	0109
15790	Nikkei 225 Bull 2x ETF	0109
157A0	Green Monster Inc.	0113
15800	Nikkei 225 Bear -1x ETF	0109
15850	iFreeETF TOPIX Ex-Financials	0109
15860	Listed Index Fund TOPIX Ex-Financials	0109
158A0	Exseli Co,Ltd.	0105
15910	NEXT FUNDS JPX-Nikkei Index 400 Exchange Traded Fund	0109
15920	Listed Index Fund JPX-Nikkei Index 400	0109
15930	MAXIS JPX-Nikkei Index 400 ETF	0109
15950	NZAM ETF J-REIT Index	0109
15960	NZAM ETF TOPIX Ex-Financials	0109
15970	MAXIS J-REIT ETF	0109
15990	iFreeETF JPX-Nikkei400	0109
159A0	NEXT FUNDS JPX Prime 150 Index Exchange Traded Fund	0109
16050	INPEX CORPORATION	0111
160A0	As Partners CO.,LTD.	0112
16150	NEXT FUNDS TOPIX Banks Exchange Traded Fund	0109
16170	NEXT FUNDS TOPIX-17 FOODS ETF	0109
16180	NEXT FUNDS TOPIX-17 ENERGY RESOURCES ETF	0109
16190	NEXT FUNDS TOPIX-17 CONSTRUCTION & MATERIALS ETF	0109
161A0	Mitsuba Co.,Ltd.	0105
16200	NEXT FUNDS TOPIX-17 RAW MATERIALS & CHEMICALS ETF	0109
16210	NEXT FUNDS TOPIX-17 PHARMACEUTICAL ETF	0109
16220	NEXT FUNDS TOPIX-17 AUTOMOBILES TRANSPORTATION EQUIPMENT ETF	0109
16230	NEXT FUNDS TOPIX-17 STEEL & NONFERROUS ETF	0109
16240	NEXT FUNDS TOPIX-17 MACHINERY ETF	0109
16250	NEXT FUNDS TOPIX-17 ELECTRIC & PRECISION INSTRUMENTS ETF	0109
16260	NEXT FUNDS TOPIX-17 IT & SERVICES,OTHERS ETF	0109
16270	NEXT FUNDS TOPIX-17 ELECTRIC POWER & GAS ETF	0109
16280	NEXT FUNDS TOPIX-17 TRANSPORTATION & LOGISTICS ETF	0109
16290	NEXT FUNDS TOPIX-17 COMMERCIAL & WHOLESALE TRADE ETF	0109
162A0	AI Select Megatrend Japan Equity Net Return ETN	0109
16300	NEXT FUNDS TOPIX-17 RETAIL TRADE ETF	0109
16310	NEXT FUNDS TOPIX-17 BANKS ETF	0109
16320	NEXT FUNDS TOPIX-17 FINANCIALS (EX BANKS) ETF	0109
16330	NEXT FUNDS TOPIX-17 REAL ESTATE ETF	0109
163A0	Semiconductor Focus Japan Equity Net Return ETN	0109
164A0	Applepark.CO.,LTD.	0105
16510	iFreeETF TOPIX High Dividend Yield 40 Index	0109
16520	iFreeETF MSCI Japan Empowering Women Index (WIN)	0109
16530	iFreeETF MSCI Japan ESG Select Leaders Index	0109
16540	iFreeETF FTSE Blossom Japan Index	0109
16550	iShares S&P 500 ETF	0109
16560	iShares Core 7-10 Year US Treasury Bond ETF	0109
16570	iShares Core MSCI Kokusai ETF	0109
16580	iShares Core MSCI Emerging Markets IMI ETF	0109
16590	iShares US REIT ETF	0109
165A0	SBI RHEOS HIFUMI Inc.	0113
16600	MAXIS High Yield J-REIT ETF	0109
16620	Japan Petroleum Exploration Co.,Ltd.	0111
16630	K&O Energy Group Inc.	0111
166A0	TASUKI Holdings Inc.	0113
16710	Simplex WTI ETF	0109
16720	WisdomTree Physical Gold Individual Securities	0109
16730	WisdomTree Physical Silver Individual Securities	0109
16740	WisdomTree Physical Platinum Individual Securities	0109
16750	WisdomTree Physical Palladium Individual Securities	0109
16760	WisdomTree Physical Precious Metals Basket Securities	0109
16770	Listed Index Fund International Bond (FTSE WGBI) Monthly Dividend Payment Type	0109
16780	NEXT FUNDS Nifty 50 Linked Exchange Traded Fund	0109
16790	Simple-X NY Dow Jones Index ETF	0109
167A0	Ryoyo Ryosan Holdings,Inc.	0111
16800	Listed Index Fund International Developed Countries Equity (MSCI-KOKUSAI)	0109
16810	Listed Index Fund International Emerging Countries Equity (MSCI EMERGING)	0109
16840	WisdomTree Broad Commodities	0109
16850	WisdomTree Energy	0109
16860	WisdomTree Industrial Metals	0109
16870	WisdomTree Agriculture	0109
16880	WisdomTree Grains	0109
16890	WisdomTree Natural Gas	0109
168A0	itamiarts inc.	0113
16900	WisdomTree WTI Crude Oil	0109
16910	WisdomTree Gasoline	0109
16920	WisdomTree Aluminium	0109
16930	WisdomTree Copper	0109
16940	WisdomTree Nickel	0109
16950	WisdomTree Wheat	0109
16960	WisdomTree Corn	0109
16970	WisdomTree Soybeans	0109
16980	Listed Index Fund Japan High Dividend (TSE Dividend Focus 100)	0109
16990	NEXT FUNDS NOMURA Crude Oil Long Index Linked Exchange Traded Fund	0109
170A0	SMT ETF Japan Equity Income Strategy Active	0109
17110	SDS HOLDINGS Co.,Ltd.	0112
17120	Daiseki Eco.Solution Co.,Ltd.	0112
17160	DAI-ICHI CUTTER KOGYO K.K.	0112
17170	Meiho Facility Works Ltd.	0112
17180	MIKIKOGYO CO.,LTD.	0112
17190	HAZAMA ANDO CORPORATION	0111
171A0	ZEROJAPAN.Co.,Ltd	0105
17200	TOKYU CONSTRUCTION CO., LTD.	0111
17210	COMSYS Holdings Corporation	0111
17230	NIHON DENGI CO.,LTD.	0112
17240	SYNCLAYER INC.	0112
17260	Br.Holdings Corporation	0111
172A0	NEO HOME Co.,Ltd.	0105
17360	OTEC CORPORATION	0112
173A0	Hammock Inc.	0113
17430	KOATSU KOGYO CO.,LTD.	0112
17570	Souken Ace Co.,Ltd.	0112
17580	Taiyo Kisokogyo Co.,Ltd.	0112
175A0	Will Smart Co.,LTD.	0113
17620	TAKAMATSU CONSTRUCTION GROUP CO.,LTD.	0111
17640	KUDO CORPORATION	0112
17660	TOKEN CORPORATION	0111
17680	SONEC CORPORATION	0112
176A0	Rezil Inc.	0113
17700	FUJITA ENGINEERING CO.,LTD.	0112
17730	YTL Corporation Berhad	0111
17760	SUMIKEN MITSUI ROAD CO., LTD.	0112
177A0	Kohjin Bio Co.,Ltd.	0113
17800	YAMAURA CORPORATION	0111
17830	Fantasista Co.,Ltd.	0112
17860	Oriental Shiraishi Corporation	0111
17870	Nakabohtec Corrosion Protecting Co.,Ltd.	0112
17880	SANTO CORPORATION	0112
178A0	Global X Innovative Bluechip Top 10+ ETF	0109
17930	OHMOTO GUMI CO.,LTD.	0112
17950	MASARU CORPORATION	0112
17980	MORIYA CORPORATION	0112
17990	DAIICHI KENSETSU CORPORATION	0112
179A0	Global X 25+ Year T-Bond ETF (JPY Hedged)	0109
18010	TAISEI CORPORATION	0111
18020	OBAYASHI CORPORATION	0111
18030	SHIMIZU CORPORATION	0111
18070	WATANABE SATO CO.,LTD.	0112
18080	HASEKO Corporation	0111
180A0	Global X 25+ Year T-Bond ETF	0109
18100	MATSUI CONSTRUCTION CO.,LTD.	0112
18110	THE ZENITAKA CORPORATION	0112
18120	KAJIMA CORPORATION	0111
18130	Fudo Tetra Corporation	0111
18140	DAISUE CONSTRUCTION CO.,LTD.	0111
18150	TEKKEN CORPORATION	0111
181A0	MAXIS US Treasury Bond 1-3 Year ETF (Unhedged)	0109
18200	Nishimatsu Construction Co.,Ltd.	0111
18210	Sumitomo Mitsui Construction Co., Ltd.	0111
18220	DAIHO CORPORATION	0112
18260	Sata Construction Co.,Ltd.	0112
18270	NAKANO CORPORATION	0112
18280	TANABE ENGINEERING CORPORATION	0112
182A0	MAXIS US Treasury Bond 20+ Year ETF (Unhedged)	0109
18330	OKUMURA CORPORATION	0111
18350	TOTETSU KOGYO CO.,LTD.	0111
183A0	MAXIS US Treasury Bond 20+ Year ETF (JPY Hedged)	0109
18400	TSUCHIYA HOLDINGS CO.,LTD.	0112
18410	SANYU CONSTRUCTION CO.,LTD.	0112
18440	OHMORI CO.,LTD.	0112
18470	ICHIKEN Co.,Ltd.	0112
18480	FUJI P.S CORPORATION	0112
184A0	Manabi-aid Co.,Ltd.	0113
18500	Nankai Tatsumura Construction Co.,Ltd.	0112
18520	ASANUMA CORPORATION	0111
18530	Mori-Gumi Co.,Ltd.	0112
185A0	Recycle Tech Japan CORPORATION	0105
18600	TODA CORPORATION	0111
18610	Kumagai Gumi Co.,Ltd.	0111
18660	KITANO CONSTRUCTION CORP.	0112
18670	UEKI CORPORATION	0112
186A0	Astroscale Holdings Inc.	0113
18700	YAHAGI CONSTRUCTION CO.,LTD.	0111
18710	PS Construction Co.,Ltd.	0111
18730	NIHON HOUSE HOLDINGS CO.,LTD.	0111
18780	DAITO TRUST CONSTRUCTION CO.,LTD.	0111
18790	SHINNIHON CORPORATION	0111
18820	TOA ROAD CORPORATION	0111
18840	THE NIPPON ROAD CO.,LTD.	0111
18850	TOA CORPORATION	0111
18870	JDC CORPORATION	0111
18880	WAKACHIKU CONSTRUCTION CO.,LTD.	0111
188A0	Global X India Top 10+ ETF	0109
18900	TOYO CONSTRUCTION CO.,LTD.	0111
18930	PENTA-OCEAN CONSTRUCTION CO.,LTD.	0111
18970	The Kaneshita Construction Co.,Ltd.	0112
18980	SEIKITOKYU KOGYO CO.,LTD.	0111
18990	FUKUDA CORPORATION	0111
189A0	D&M COMPANY CO.,LTD	0113
19040	TAISEI ONCHO CO.,LTD.	0112
19050	TENOX CORPORATION	0112
19090	Nippon Dry-Chemical CO.,LTD.	0112
190A0	Chordia Therapeutics Inc.	0113
19110	Sumitomo Forestry Co.,Ltd.	0111
19140	JAPAN FOUNDATION ENGINEERING CO.,LTD.	0112
191A0	MIMOSA CO.,LTD.	0105
19210	TOMOE CORPORATION	0112
19250	DAIWA HOUSE INDUSTRY CO.,LTD.	0111
19260	RAITO KOGYO CO.,LTD.	0111
19280	Sekisui House,Ltd.	0111
19290	NITTOC CONSTRUCTION CO.,LTD.	0111
192A0	Integroup Inc.	0113
19300	HOKURIKU ELECTRICAL CONSTRUCTION CO.,LTD.	0111
19340	YURTEC CORPORATION	0111
19380	NIPPON RIETEC CO.,LTD.	0111
19390	YONDENKO CORPORATION	0111
193A0	Gro-Bels Co.,Ltd.	0105
19410	CHUDENKO CORPORATION	0111
19420	KANDENKO CO.,LTD.	0111
19440	KINDEN CORPORATION	0111
19450	TOKYO ENERGY & SYSTEMS INC.	0111
19460	TOENEC CORPORATION	0111
19480	The Kodensha,Co.,Ltd.	0112
19490	SUMITOMO DENSETSU CO.,LTD.	0111
194A0	WOLVES HAND Co.,Ltd.	0113
19500	NIPPON DENSETSU KOGYO CO.,LTD.	0111
19510	EXEO Group,Inc.	0111
19520	Shin Nippon Air Technologies Co.,Ltd.	0111
19590	KYUDENKO CORPORATION	0111
195A0	MUSCAT GROUP Inc.	0113
19600	Sanyo Engineering & Construction Inc.	0112
19610	SANKI ENGINEERING CO.,LTD.	0111
19630	JGC HOLDINGS CORPORATION	0111
19640	Chugai Ro Co.,Ltd.	0111
19650	TECHNO RYOWA LTD.	0112
19660	TAKADA CORPORATION	0112
19670	YAMATO CORPORATION	0112
19680	TAIHEI DENGYO KAISHA,LTD.	0111
19690	Takasago Thermal Engineering Co.,Ltd.	0111
196A0	MFS,Inc.	0113
19720	SANKO METAL INDUSTRIAL CO.,LTD.	0112
19750	ASAHI KOGYOSHA CO.,LTD.	0111
19760	MEISEI INDUSTRIAL Co.,Ltd.	0111
19790	Taikisha Ltd.	0111
197A0	TAUNS Laboratories,Inc.	0112
19800	DAI-DAN CO.,LTD.	0111
19810	KYOWANISSEI CO.,LTD.	0112
19820	Hibiya Engineering,Ltd.	0111
198A0	PostPrime Inc.	0113
19920	KANDA TSUSHINKI CO.,LTD.	0112
19940	TAKAHASHI CURTAIN WALL CORPORATION	0112
19970	AKATSUKI EAZIMA CO.,LTD.	0112
199A0	Mediair corporation	0105
20010	NIPPN CORPORATION	0111
20020	NISSHIN SEIFUN GROUP INC.	0111
20030	NITTO FUJI FLOUR MILLING CO.,LTD.	0112
20040	Showa Sangyo Co.,Ltd.	0111
20090	THE TORIGOE CO.,LTD.	0112
200A0	NEXT FUNDS Nikkei Semiconductor Stock Index Exchange Traded Fund	0109
20110	SMDAM Active ETF Japan High Dividend Equity	0109
20120	iShares 0-3 Month US Treasury Bond ETF	0109
20130	iShares US High Dividend ETF	0109
20140	iShares US Dividend Growth ETF	0109
20150	iFreeETF US Treasury Bond 7-10 Year (NON HEDGED)	0109
20160	iFreeETF US Treasury Bond 7-10 Year (JPY HEDGED)	0109
20170	iFreeETF JPX Prime 150	0109
20180	Global X US REIT Top 20 ETF	0109
20190	Global X U.S. Preferred Security ETF (Bi-monthly dividend type)	0109
201A0	iShares Nifty 50 ETF	0109
202A0	MAMEZO DIGITAL HOLDINGS CO.,LTD.	0113
20310	NEXT NOTES HSI Leveraged ETN	0109
20320	NEXT NOTES HSI Short ETN	0109
20330	NEXT NOTES KOSPI200 Leverage ETN	0109
20340	NEXT NOTES F-KOSPI200 Inverse ETN	0109
20360	NEXT NOTES Gold Futures Double Bull ETN	0109
20370	NEXT NOTES Gold Futures Bear ETN	0109
20380	NEXT NOTES Dubai Crude Oil Futures Double Bull ETN	0109
20390	NEXT NOTES Dubai Crude Oil Futures Bear ETN	0109
203A0	Shunbin Co.,Ltd.	0105
20400	NEXT NOTES DJIA PR JPY-Monthly Hedged Leveraged (x2) ETN	0109
20410	NEXT NOTES DJIA TR JPY-Monthly Hedged Inverse (x1) ETN	0109
20420	NEXT NOTES Tokyo Stock Exchange Growth Market 250 Index ETN	0109
20430	NEXT NOTES STOXX ASEAN-Five Select Dividend 50(NR-JPY) ETN	0109
20440	NEXT NOTES S&P 500 Dividend Aristocrats Net Total Return Index ETN	0109
20450	NEXT NOTES S&P Singapore REIT Net Total Return Index ETN	0109
20460	NEXT NOTES Nifty PR 2x Leverage Index ETN	0109
20470	NEXT NOTES Nifty Total Returns(TR) Daily Inverse Index ETN	0109
20480	NEXT NOTES Nomura Japan Equity High Dividend 70,Net Total Return US Dollar Hedged Index ETN	0109
204A0	TaiyoPackage Co.,Ltd.	0105
20500	NEXT NOTES Niche Top Mid Small Cap Japan Equity, Net Total Return ETN	0109
20530	CHUBU SHIRYO CO.,LTD.	0111
20550	NICHIWA SANGYO CO.,LTD.	0112
205A0	LOGOS HOLDINGS INC.	0113
20600	FEED ONE CO.,LTD.	0111
20650	NEXT NOTES S&P/JPX Dividend Aristocrats Index USD Hedged NTR ETN	0109
20660	NEXT NOTES Tokyo Stock Exchange REIT Net Total Return US Dollar Hedged Index ETN	0109
20670	NEXT NOTES AI Companies 70,Net Total Return ETN	0109
20680	NEXT NOTES Japan Equity High Beta Select 30,Net Total Return ETN	0109
20690	NEXT NOTES Japan Equity Low Beta Select 50,Net Total Return ETN	0109
206A0	PRISM BioLab Co.,LTD	0113
20700	Smart ESG 30 Empowering Women Net Return ETN	0109
20710	Smart ESG 30 Net Return ETN	0109
20720	Market Share Leaders Net Return ETN	0109
20730	Smart ESG 30 Low Carbon Risk Net Return ETN	0109
207A0	Rising Corporation Inc.	0105
20800	PBR Improvement over 1x ETF	0109
20810	Strategic Shareholding Disposal Promotion ETF	0109
20820	Investor-Management Unite as One ETF	0109
20830	NEXT FUNDS Japan Growth Equity Active Exchange Traded Fund	0109
20840	NEXT FUNDS Japan High Dividend Equity Active Exchange Traded Fund	0109
20850	MAXIS High Dividend Japan Equity Actively Managed ETF	0109
20860	NZAM ETF S&P500 (JPY Hedged)	0109
20870	NZAM ETF NASDAQ100 (JPY Hedged)	0109
20880	NZAM ETF NY Dow30 (JPY Hedged)	0109
20890	NZAM ETF DAX (JPY Hedged)	0109
208A0	KOZO KEIKAKU ENGINEERING HOLDINGS Inc.	0112
20900	NZAM ETF US Treasury 7-10Y (JPY Hedged)	0109
20910	NZAM ETF German Government Bond 7-10Y (JPY Hedged)	0109
20920	NZAM ETF France Government Bond 7-10Y (JPY Hedged)	0109
20930	Listed Tracers US Government Bond 0-2years Ladder (No Currency Hedge)	0109
20940	TSE REIT Inverse ETF	0109
20950	Global X S&P 500 Dividend Aristocrats ETF (JPY Hedged)	0109
20960	Global X Office J-REIT ETF	0109
20970	Global X Residential J-REIT ETF	0109
20980	Global X Hotel & Retail J-REIT ETF	0109
209A0	Onodani Machine Co.Ltd	0105
21080	Nippon Beet Sugar Manufacturing Co.,Ltd.	0111
21090	Mitsui DM Sugar Co.,Ltd.	0111
210A0	iFreeETF Nikkei High Yield REIT Index	0109
21120	Ensuiko Sugar Refining Co.,Ltd.	0112
21140	Fuji Nihon Corporation	0112
21170	WELLNEO SUGAR Co.,Ltd.	0111
211A0	Cados Corporation	0112
21200	LIFULL Co.,Ltd.	0111
21210	MIXI,Inc.	0111
21220	Interspace Co.,Ltd.	0112
21240	JAC Recruitment Co.,Ltd.	0111
21270	Nihon M&A Center Holdings Inc.	0111
212A0	FIT EASY Inc.	0112
21300	Members Co.,Ltd.	0111
21340	Kitahama Capital Partners Co.,Ltd.	0112
21360	HIP CORPORATION	0112
21380	CROOZ,Inc.	0112
21390	CHUCO CO.,LTD.	0112
213A0	Listed Index Fund Nikkei Semiconductor Stock	0109
21460	UT Group Co.,Ltd.	0111
21480	ITmedia Inc.	0111
21500	CareNet,Inc.	0111
21520	Youji Corporation	0112
21530	E・J Holdings Inc.	0111
21540	Open Up Group Inc.	0111
21560	SAYLOR ADVERTISING INC.	0112
21570	KOSHIDAKA HOLDINGS Co.,LTD.	0111
21580	FRONTEO,Inc.	0113
215A0	Timee,Inc.	0113
21600	GNI Group Ltd.	0113
21620	nms Holdings Corporation	0112
21630	ARTNER CO.,LTD.	0111
21640	CHIIKISHINBUNSHA CO.,LTD.	0113
21680	Pasona Group Inc.	0111
21690	CDS Co.,Ltd.	0112
216A0	Life create Co.,Ltd	0105
21700	Link and Motivation Inc.	0111
21730	Hakuten Corporation	0113
21750	SMS CO.,LTD.	0111
21790	SEIGAKUSHA CO.,LTD.	0112
217A0	SUPPORT Co.,Ltd.	0105
21800	SUNNY SIDE UP GROUP Inc.	0112
21810	PERSOL HOLDINGS CO.,LTD.	0111
21830	Linical Co.,Ltd.	0112
21850	CMC CORPORATION	0112
21860	Sobal Corporation	0112
218A0	Liberaware Co.,Ltd.	0113
21930	Cookpad Inc.	0112
21950	AMITA HOLDINGS CO.,LTD.	0113
21960	ESCRIT INC.	0112
21980	IKK Holdings Inc.	0111
219A0	Heartseed Inc.	0113
22010	Morinaga & Co.,Ltd.	0111
22040	NAKAMURAYA CO.,LTD.	0112
22060	Ezaki Glico Co.,Ltd.	0111
22070	Meito Sangyo Co.,Ltd.	0111
22080	BOURBON CORPORATION	0112
22090	IMURAYA GROUP CO.,LTD.	0111
220A0	Faber Company Inc.	0112
22110	Fujiya Co.,Ltd.	0111
22120	YAMAZAKI BAKING CO.,LTD.	0111
22150	FIRST BAKING CO.,LTD.	0112
22160	Kanro Inc.	0112
22170	Morozoff Limited	0111
221A0	MAXIS Nikkei Semiconductor Stock (Japan) ETF	0109
22200	KAMEDA SEIKA CO.,LTD.	0111
22210	IWATSUKA CONFECTIONERY CO.,LTD.	0112
22220	Kotobuki Spirits Co.,Ltd.	0111
22240	COMO CO.,LTD.	0112
22260	KOIKE-YA Inc.	0112
22290	CALBEE,Inc.	0111
222A0	Nippon Information Control System Inc.	0105
22350	Listed Index Fund US Equity (Dow Average) No Currency Hedge	0109
22360	Global X S&P 500 Dividend Aristocrats ETF	0109
22370	iFreeETF S&P500 Leveraged (2x)	0109
22380	iFreeETF S&P500 Inverse	0109
22390	Listed Index Fund S&P500 Futures Leveraged Two Times	0109
223A0	Global X Artificial Intelligence & Technology ETF	0109
22400	Listed Index Fund S&P500 Futures Inverse	0109
22410	MAXIS NY Dow Industrial Average ETF	0109
22420	MAXIS NY Dow Industrial Average ETF (JPY Hedged)	0109
22430	Global X Semiconductor ETF	0109
22440	Global X US Tech Top 20 ETF	0109
22450	NEXT FUNDS Bloomberg Germany Treasury Bond (7-10 year) Index (Yen-Hedged) Exchange Traded Fund	0109
22460	NEXT FUNDS Bloomberg France Treasury Bond (7-10 year) Index (Yen-Hedged) Exchange Traded Fund	0109
22470	iFreeETF S&P500 (NON HEDGED)	0109
22480	iFreeETF S&P500 (JPY HEDGED)	0109
22490	iFreeETF S&P500 Double Inverse (-2x)	0109
224A0	Global X Uranium ETF	0109
22500	iShares MSCI Japan Climate Action ETF	0109
22510	NEXT FUNDS JPX JGB Futures Double Inverse Index Exchange Traded Fund	0109
22520	Global X Morningstar US Small Mid Moat ETF	0109
22530	Global X SuperDividend U.S. ETF	0109
22540	Global X China Electric Vehicle and Battery ETF	0109
22550	iShares 20+ Year US Treasury Bond ETF	0109
22560	iShares US Aggregate Bond ETF	0109
22570	iShares USD Investment Grade Corporate Bond ETF	0109
22580	iShares USD High Yield Corporate Bond ETF	0109
22590	iShares 7-10 Year France Government Bond JPY Hedged ETF	0109
22640	MORINAGA MILK INDUSTRY CO.,LTD.	0111
22660	ROKKO BUTTER CO.,LTD.	0111
22670	YAKULT HONSHA CO.,LTD.	0111
22680	B-R 31 ICE CREAM CO.,LTD.	0112
22690	Meiji Holdings Co.,Ltd.	0111
226A0	Katsu Mi Japan Inc.	0105
22700	MEGMILK SNOW BRAND Co.,Ltd.	0111
227A0	INSIGHT LAB,Inc.	0105
22810	Prima Meat Packers,Ltd.	0111
22820	NH Foods Ltd.	0111
22860	Hayashikane Sangyo Co.,Ltd.	0112
22880	MARUDAI FOOD CO.,LTD.	0111
228A0	OPRO Co.,Ltd.	0113
22910	FUKUTOME MEAT PACKERS,LTD.	0112
22920	S Foods Inc.	0111
22930	TAKIZAWA HAM CO.,LTD.	0112
22940	Kakiyasu Honten Co.,Ltd.	0111
22960	ITOHAM YONEKYU HOLDINGS INC.	0111
229A0	Asumi HD Inc.	0105
23000	Kyokuto Co.,Ltd.	0112
23010	GAKUJO CO.,Ltd.	0111
23030	Dawn Corporation	0112
23040	CSS HOLDINGS,LTD.	0112
23050	STUDIO ALICE Co.,Ltd.	0112
23070	CROSS CAT CO.,LTD.	0111
23110	EPCO Co.,Ltd.	0112
23150	CAICA DIGITAL Inc.	0112
23170	Systena Corporation	0111
23210	Softfront Holdings	0113
23230	fonfun corporation	0112
23250	NJS Co.,Ltd.	0111
23260	Digital Arts Inc.	0111
23270	NS Solutions Corporation	0111
23290	TOHOKUSHINSHA FILM CORPORATION	0112
23300	Forside Co.,Ltd.	0112
23310	SOHGO SECURITY SERVICES CO.,LTD.	0111
23320	Quest Co.,Ltd.	0112
23340	eole Inc.	0113
23350	CUBE SYSTEM INC.	0111
23370	Ichigo Inc.	0111
23380	Quantum Solutions Co.,Ltd.	0112
233A0	iFreeETF Nifty50	0109
23400	GOKURAKUYU HOLDINGS CO.,LTD.	0112
23410	ARBEIT-TIMES CO.,LTD.	0112
23420	TRANSGENIC GROUP INC.	0113
23440	HEIAN CEREMONY SERVICE CO.,LTD.	0112
23450	Kushim,Inc.	0112
23490	Nippon Information Development Co.,Ltd.	0112
234A0	Global X MSCI Japan Cash Flow Kings ETF	0109
23510	ASJ INC.	0113
23530	NIPPON PARKING DEVELOPMENT Co.,Ltd.	0111
23540	YE DIGITAL Corporation	0112
23590	CORE CORPORATION	0111
235A0	Global X Japan High Dividend 30 ETF	0109
236A0	iShares 7-10 Year Japan Government Bond ETF	0109
23700	MEDINET Co.,Ltd.	0113
23710	Kakaku.com,Inc.	0111
23730	CARE TWENTYONE CORPORATION	0112
23740	SAINT-CARE HOLDING CORPORATION	0111
23750	GiG Works Inc.	0112
23760	SCINEX CORPORATION	0112
23780	RENAISSANCE,INCORPORATED	0111
23790	dip Corporation	0111
237A0	iShares 25+ Year US Treasury Bond Long Duration ETF	0109
23840	SBS Holdings,Inc.	0111
23850	Soiken Holdings Inc.	0113
23880	Wedge Holdings CO.,LTD.	0113
23890	DIGITAL HOLDINGS,INC.	0111
238A0	iShares 25+ Year US Treasury Bond Long Duration JPY Hedged ETF	0109
23910	PLANET,INC.	0112
23930	Nippon Care Supply Co.,Ltd.	0112
23950	SHIN NIPPON BIOMEDICAL LABORATORIES,LTD.	0111
239A0	Balleggs Co.,Ltd.	0105
24040	TETSUJIN Holdings,Inc.	0112
24080	KG Intelligence CO.,LTD.	0112
24100	CAREER DESIGN CENTER CO.,LTD.	0111
24110	GENDAI AGENCY INC.	0112
24130	M3,Inc.	0111
24150	Human Holdings Co.,Ltd.	0112
24180	TSUKADA GLOBAL HOLDINGS Inc.	0112
241A0	ROXX,inc.	0113
24240	Brass Corporation	0112
24250	Care Service Co.,Ltd.	0112
24280	WELLNET CORPORATION	0112
24290	WORLD HOLDINGS CO.,LTD.	0111
24320	DeNA Co.,Ltd.	0111
24330	HAKUHODO DY HOLDINGS INCORPORATED	0111
24350	CEDAR.Co.,Ltd	0112
24360	KYODO PUBLIC RELATIONS CO.,LTD.	0112
24370	SHINWA WISE HOLDINGS CO.,LTD.	0112
24380	Asukanet Company,Limited	0113
243A0	Top's Inc.	0105
24400	Gurunavi,Inc.	0111
24450	Takamiya Co.,Ltd.	0111
24490	PRAP Japan,Inc.	0112
244A0	Growth xPartners,Inc.	0113
24520	Computer Mind Co.,Ltd.	0105
24540	All About,Inc.	0112
24590	AUN CONSULTING,Inc.	0112
245A0	INGS inc.	0113
24610	FAN Communications,Inc.	0111
24620	LIKE,Inc.	0111
24640	Aoba-BBT,Inc.	0112
24690	Hibino Corporation	0112
246A0	ASUA Inc.	0113
24710	S-Pool,Inc.	0111
24750	WDB HOLDINGS CO.,LTD.	0111
24770	Temairazu,Inc.	0112
24790	JTEC CORPORATION	0112
247A0	Ai ROBOTICS INC.	0113
24800	System Location Co.,Ltd.	0112
24810	TOWNNEWS-SHA CO.,LTD.	0112
24830	HONYAKU Center Inc.	0112
24840	DEMAE-CAN CO.,LTD	0112
24850	TEAR Corporation	0112
24880	JTP CO.,LTD.	0112
24890	Adways Inc.	0111
248A0	KIDS STAR Inc.	0113
24910	ValueCommerce Co.,Ltd.	0111
24920	Infomart Corporation	0111
24930	E-SUPPORTLINK,Ltd.	0112
24970	UNITED,Inc.	0113
24980	Oriental Consultants Holdings Company Limited	0112
24990	NIHONWASOU HOLDINGS,INC.	0112
249A0	HUMAN ADJUST Co.,Ltd.	0105
25010	SAPPORO HOLDINGS LIMITED	0111
25020	Asahi Group Holdings,Ltd.	0111
25030	Kirin Holdings Company,Limited	0111
250A0	Shimadaya Corporation	0112
25100	NEXT FUNDS Japan Bond NOMURA-BPI Exchange Traded Fund	0109
25110	NEXT FUNDS International Bond FTSE World Government Bond Index (ex Japan Unhedged) Exchange Traded Fund	0109
25120	NEXT FUNDS International Bond FTSE World Government Bond Index (ex Japan Yen-Hedged) Exchange Traded Fund	0109
25130	NEXT FUNDS International Equity MSCI-KOKUSAI (Unhedged) Exchange Traded Fund	0109
25140	NEXT FUNDS International Equity MSCI-KOKUSAI (Yen-Hedged) Exchange Traded Fund	0109
25150	NEXT FUNDS International REIT S&P Developed REIT Index (ex Japan Unhedged) Exchange Traded Fund	0109
25160	TSE Growth 250 ETF	0109
25170	MAXIS J-REIT Core ETF	0109
25180	NEXT FUNDS MSCI Japan Empowering Women Select Index Exchange Traded Fund	0109
25190	NEXT FUNDS Emerging Market Bond J.P. Morgan EMBI Plus (Unhedged) Exchange Traded Fund	0109
251A0	Neuromagic Co.,Ltd.	0105
25200	NEXT FUNDS Emerging Market Equity MSCI-EM (Unhedged) Exchange Traded Fund	0109
25210	Listed Index Fund US Equity (S&P500) Currency Hedge	0109
25220	iShares Automation & Robot ETF	0109
25230	MAXIS TOPIX Ex-Financials ETF	0109
25240	NZAM ETF TOPIX	0109
25250	NZAM ETF Nikkei 225	0109
25260	NZAM ETF JPX-Nikkei400	0109
25270	NZAM ETF J-REIT Core Index	0109
25280	iFreeETF Tokyo Stock Exchange REIT Core Index	0109
25290	NEXT FUNDS Nomura Shareholder Yield 70 Exchange Traded Fund	0109
252A0	Wedge Co.,Ltd.	0105
25300	MAXIS HuaAn China Equity (SSE 180 index) ETF	0109
25310	TAKARA HOLDINGS INC.	0111
25330	Oenon Holdings,Inc.	0111
253A0	ETS Group Co.,Ltd.	0112
25400	YOMEISHU SEIZO CO.,LTD.	0111
254A0	AI FUSION CAPITAL GROUP CORP.	0112
25520	Listed Index Fund J-REIT (Tokyo Stock Exchange REIT Index) Bi-Monthly Dividend Payment Type (Mini)	0109
25530	One ETF Southern China A-Share CSI 500	0109
25540	NEXT FUNDS Bloomberg US Intermediate Corporate Index (JPY Hedged) Exchange Traded Fund	0109
25550	TSE REIT ETF	0109
25560	One ETF Tokyo Stock Exchange REIT Index	0109
25570	SMDAM TOPIX ETF	0109
25580	MAXIS S&P500 US Equity ETF	0109
25590	MAXIS World Equity (MSCI ACWI) ETF	0109
255A0	GLTECHNO HOLDINGS,INC.	0112
25600	MAXIS Carbon Efficient Japan Equity ETF	0109
25610	iShares Core Japan Government Bond ETF	0109
25620	Listed Index Fund US Equity (Dow Average) Currency Hedge	0109
25630	iShares S&P 500 JPY Hedged ETF	0109
25640	Global X MSCI SuperDividend Japan ETF	0109
25650	Global X Logistics J-REIT ETF	0109
25660	Listed Index Fund Nikkei ESG REIT	0109
25670	NZAM ETF S&P/JPX Carbon Efficient Index	0109
25680	Listed Index Fund US Equity (NASDAQ100) No Currency Hedge	0109
25690	Listed Index Fund US Equity (NASDAQ100) Currency Hedge	0109
256A0	TOBISHIMA HOLDINGS Inc.	0111
25730	HOKKAIDO COCA-COLA BOTTLING CO.,LTD.	0112
25790	Coca-Cola Bottlers Japan Holdings Inc.	0111
257A0	SMT ETF Selected Japan Equity Active	0109
25850	LIFEDRINK COMPANY,INC.	0111
25860	FRUTA FRUTA INC.	0113
25870	Suntory Beverage & Food Limited	0111
25880	Premium Water Holdings,Inc.	0112
258A0	SMT ETF Selected J-REIT Active	0109
25900	DyDo GROUP HOLDINGS,INC.	0111
25930	ITO EN,LTD.	0111
25935	ITO EN,LTD. (shares of preferred stock)	0111
25940	KEY COFFEE INC	0111
25970	UNICAFE INC.	0112
26020	The Nisshin OilliO Group,Ltd.	0111
26070	FUJI OIL CO.,LTD.	0111
260A0	alt Inc.	0113
26120	KADOYA SESAME MILLS INCORPORATED	0112
26130	J-OIL MILLS, INC.	0111
261A0	Nihon Suido Consultants Co.,Ltd.	0112
26200	iShares 1-3 Year US Treasury Bond ETF	0109
26210	iShares 20+ Year US Treasury Bond JPY Hedged ETF	0109
26220	iShares USD Emerging Markets Bond JPY Hedged ETF	0109
26230	iShares Euro Investment Grade Corporate Bond JPY Hedged ETF	0109
26240	iFreeETF Nikkei225 (Quarterly Dividend Type)	0109
26250	iFreeETF TOPIX (Quarterly Dividend Type)	0109
26260	Global X Digital Innovation Japan ETF	0109
26270	Global X E-Commerce Japan ETF	0109
26280	iFreeETF China STAR50	0109
26290	iFreeETF China GBA100	0109
262A0	INTERMESTIC INC.	0111
26300	MAXIS S&P500 US Equity ETF (JPY Hedged)	0109
26310	MAXIS NASDAQ100 ETF	0109
26320	MAXIS NASDAQ100 ETF (JPY Hedged)	0109
26330	NEXT FUNDS S&P 500 (Unhedged) Exchange Traded Fund	0109
26340	NEXT FUNDS S&P 500 (Yen-Hedged) Exchange Traded Fund	0109
26350	NEXT FUNDS S&P 500 Scored & Screened Index Exchange Traded Fund	0109
26360	Global X MSCI Governance-Quality Japan ETF	0109
26370	Global X CleanTech Japan ETF	0109
26380	Global X Japan Robotics & AI ETF	0109
26390	Global X Japan Bio & Med Tech ETF	0109
263A0	DigitalCube Co.Ltd.	0105
26400	Global X Japan Games & Animation ETF	0109
26410	Global X Japan Global Leaders ETF	0109
26420	SMT ETF Carbon Efficient Index Japan Equity	0109
26430	NEXT FUNDS MSCI Japan Country Selection Index Exchange Traded Fund	0109
26440	Global X Japan Semiconductor ETF	0109
26450	Global X Japan Leisure & Entertainment ETF	0109
26460	Global X Japan Metal Business ETF	0109
26470	NEXT FUNDS Bloomberg US Treasury Bond (7-10 year) Index (Unhedged) Exchange Traded Fund	0109
26480	NEXT FUNDS Bloomberg US Treasury Bond (7-10 year) Index (Yen-Hedged) Exchange Traded Fund	0109
26490	iShares Ginnie Mae MBS JPY Hedged ETF	0109
264A0	Schoo,inc.	0113
26520	MANDARAKE INC.	0112
26530	AEON KYUSHU CO.,LTD.	0112
26540	ASMO CORPORATION	0112
26560	Vector HOLDINGS Inc.	0112
26590	SAN-A CO.,LTD.	0111
265A0	Hmcomm Inc.	0113
26640	CAWACHI LIMITED	0111
26660	AUTOWAVE Co.,Ltd.	0112
26670	ImageONE Co.,Ltd.	0112
26680	Tabio Corporation	0112
26690	Kanemi Co.,Ltd.	0112
266A0	Glocal Marketing Co.,Ltd.	0105
26700	ABC-MART,INC.	0111
26730	YUMEMITSUKETAI Co.,Ltd.	0112
26740	HARD OFF CORPORATION Co.,Ltd.	0111
26760	TAKACHIHO KOHEKI CO.,LTD.	0111
26780	ASKUL Corporation	0111
267A0	TOWARISE CORPORATION	0105
26810	GEO HOLDINGS CORPORATION	0111
26830	UOKI CO.,LTD.	0112
26850	Adastria Co.,Ltd.	0111
26860	GFOOT CO.,LTD.	0112
26870	CVS Bay Area Inc.	0112
26890	OLBA HEALTHCARE HOLDINGS,Inc.	0112
268A0	Rigaku Holdings Corporation	0111
26920	ITOCHU-SHOKUHIN Co.,Ltd.	0111
26930	YKT CORPORATION	0112
26940	Yakiniku Sakai Holdings Inc.	0112
26950	Kura Sushi,Inc.	0111
26980	CAN DO CO.,LTD.	0112
269A0	Sapeet Inc.	0113
27000	KITOKU SHINRYO CO.,LTD.	0112
27020	McDonald's Holdings Company(Japan),Ltd.	0112
27050	OOTOYA Holdings Co.,Ltd.	0112
27080	KUZE CO.,LTD.	0112
271A0	Accelia,Inc.	0105
27210	J-Holdings Corp.	0112
27220	IK HOLDINGS Co.,Ltd.	0112
27260	PAL GROUP Holdings CO.,LTD	0111
27300	EDION Corporation	0111
27330	ARATA CORPORATION	0111
27340	SALA CORPORATION	0111
27350	WATTS CO.,LTD.	0112
27360	Festaria Holdings Co.,Ltd.	0112
27370	TOMEN DEVICES CORPORATION	0111
273A0	SBI Saudi Arabia Equity Exchange Traded Fund	0109
27420	HALOWS CO.,LTD.	0111
27430	PIXEL COMPANYZ INC.	0112
27470	Hokuyu Lucky Co.,Ltd.	0112
27490	JP-HOLDINGS,INC.	0111
274A0	Garden Co.,Ltd.	0112
27500	S.ISHIMITSU&CO.,LTD.	0112
27510	TENPOS HOLDINGS Co.,Ltd.	0112
27520	FUJIO FOOD GROUP INC.	0111
27530	AMIYAKI TEI CO.,LTD.	0111
275A0	Hanwa Home's Co.,Ltd.	0105
27600	TOKYO ELECTRON DEVICE LIMITED	0111
27620	SANKO MARKETING FOODS CO.,LTD.	0112
27630	FTGroup CO.,LTD.	0112
27640	Hiramatsu Inc.	0112
27670	TSUBURAYA FIELDS HOLDINGS INC.	0111
27680	Sojitz Corporation	0111
27690	Village Vanguard CO.,LTD.	0112
276A0	CCReB Advisors Inc.	0113
27760	SHINTO Holdings,Inc.	0112
27780	PALEMO HOLDINGS CO.,LTD.	0112
277A0	Globe-ing Inc.	0113
27800	Komehyo Holdings Co.,Ltd.	0112
27820	Seria Co.,Ltd.	0112
27840	Alfresa Holdings Corporation	0111
27880	APPLE INTERNATIONAL CO.,LTD.	0112
27890	Karula Co.,LTD.	0112
278A0	Terra Drone Corporation	0113
27900	NAFCO Co.,Ltd.	0112
27910	DAIKOKUTENBUSSAN CO.,LTD.	0111
27920	HONEYS HOLDINGS CO.,LTD.	0111
27950	NIPPON PRIMEX INC.	0112
27960	Pharmarise Holdings Corporation	0112
27980	Y's table corporation	0112
279A0	Interg Inc.	0105
28010	KIKKOMAN CORPORATION	0111
28020	Ajinomoto Co.,Inc.	0111
28040	BULL-DOG SAUCE CO.,LTD.	0111
28050	S&B FOODS INC.	0112
28060	YUTAKA FOODS CORPORATION	0112
28090	Kewpie Corporation	0111
280A0	TMH Inc.	0113
28100	House Foods Group Inc.	0111
28110	KAGOME CO.,LTD.	0111
28130	Wakou Shokuhin Co.,Ltd.	0112
28140	SATO FOODS INDUSTRIES CO.,LTD.	0112
28150	ARIAKE JAPAN Co.,Ltd.	0111
28160	DAISHO CO.,LTD.	0112
28180	PIETRO Co.,Ltd.	0112
28190	EBARA Foods Industry,Inc.	0112
281A0	Informetis Co.,Ltd.	0113
28200	Yamami Company	0112
282A0	Global X Japan Semiconductor Top 10 ETF	0109
28300	AOHATA Corporation	0112
28310	HAGOROMO FOODS CORPORATION	0112
28360	Global X Japan Fintech ETF	0109
28370	Global X Japan Mid & Small Cap Leaders ETF	0109
28380	MAXIS US Treasury Bond 7-10 Year ETF (Unhedged)	0109
28390	MAXIS US Treasury Bond 7-10 Year ETF (JPY Hedged)	0109
283A0	Global X US Tech Dividend Aristocrats ETF	0109
28400	iFreeETF NASDAQ100 (NON HEDGED)	0109
28410	iFreeETF NASDAQ100 (JPY HEDGED)	0109
28420	iFreeETF NASDAQ100 Inverse	0109
28430	Listed Index Fund Australian Government Bond (Currency Hedge)	0109
28440	Listed Index Fund Australian Government Bond (No Currency Hedge)	0109
28450	NEXT FUNDS NASDAQ-100(R) (Yen-Hedged) Exchange Traded Fund	0109
28460	NEXT FUNDS DJIA (Yen-Hedged) Exchange Traded Fund	0109
28470	Global X Japan New Growth Infrastructure ETF	0109
28480	Global X MSCI Japan Climate Change ETF	0109
28490	Global X Morningstar Japan High Dividend ESG ETF	0109
284A0	FUKUYA Construction Co.,Ltd.	0105
28510	iShares MSCI Japan SRI ETF	0109
28520	iShares Japan Green REIT ETF	0109
28530	iShares Climate Risk-Adjusted Global ex Japan Government Bond JPY Hedged ETF	0109
28540	Global X Japan Tech Top 20 ETF	0109
28550	Global X Green J-REIT ETF	0109
28560	iShares 3-7 Year US Treasury Bond JPY Hedged ETF	0109
28570	iShares Germany Government Bond JPY Hedged ETF	0109
28580	Global X Nikkei 225 Covered Call ETF (option premium reinvestment type)	0109
28590	NEXT FUNDS EURO STOXX 50 (Yen-Hedged) Exchange Traded Fund	0109
285A0	Kioxia Holdings Corporation	0111
28600	NEXT FUNDS German Equity DAX (Yen-Hedged) Exchange Traded Fund	0109
28610	Listed Index Fund France Government Bond (No Currency Hedge)	0109
28620	Listed Index Fund France Government Bond (Currency Hedge)	0109
28630	NEXT FUNDS S&P US Equity and Bond Balance Conservative Index (Yen-Hedged) Exchange Traded Fund	0109
28640	Global X Logistics REIT ETF	0109
28650	Global X Nasdaq 100 Covered Call ETF	0109
28660	Global X U.S. Preferred Security ETF	0109
28670	Global X Autonomous & EV ETF	0109
28680	Global X S&P 500 Covered Call ETF	0109
28690	iFreeETF NASDAQ100 Leveraged (2x)	0109
286A0	EUCALIA Inc.	0113
28700	iFreeETF NASDAQ100 Double Inverse (-2x)	0109
28710	NICHIREI CORPORATION	0111
28720	SEIHYO CO.,LTD.	0112
28740	YOKOREI CO.,LTD.	0111
28750	TOYO SUISAN KAISHA,LTD.	0111
28760	Delsole Corporation	0112
28770	NittoBest Corporation	0112
287A0	Kuroda Group Co.,Ltd.	0112
28820	EAT&HOLDINGS Co.,Ltd	0111
28830	DAIREI CO.,LTD.	0112
28840	Yoshimura Food Holdings K.K.	0111
288A0	Laxus Technologies Inc.	0113
28920	NIHON SHOKUHIN KAKO CO.,LTD.	0112
28940	Ishii Food Co.,Ltd.	0112
28970	NISSIN FOODS HOLDINGS CO.,LTD.	0111
29010	Wel-Dish.Incorporated	0112
29030	SHINOBU FOODS PRODUCTS CO.,LTD.	0112
29040	ICHIMASA KAMABOKO CO.,LTD.	0112
29070	AHJIKAN CO.,LTD.	0112
29080	FUJICCO CO.,LTD.	0111
290A0	Synspective Inc.	0113
29100	ROCK FIELD CO.,LTD.	0111
29110	ASAHIMATSU FOODS CO.,LTD.	0112
29140	JAPAN TOBACCO INC.	0111
29150	KENKO Mayonnaise Co.,Ltd.	0111
29160	Semba Tohka Industries Co.,Ltd	0112
29170	OHMORIYA Co.,LTD.	0112
29180	WARABEYA NICHIYO HOLDINGS CO.,LTD.	0111
291A0	Reskill Corp.	0113
29220	NATORI CO.,LTD.	0111
29230	SATO FOODS CO.,LTD.	0112
29240	Ifuji Sangyo Co.,Ltd.	0112
29260	SHINOZAKIYA,INC.	0112
29270	AFC-HD AMS Life Science Co.,Ltd.	0112
29290	Pharma Foods International Co.,Ltd.	0111
292A0	SIE Co.,Ltd.	0105
29300	Kitanotatsujin Corporation	0111
29310	Euglena Co.,Ltd.	0111
29320	STI Foods Holdings,Inc.	0112
29330	KIBUN FOODS INC.	0111
29340	J Frontier Co.,Ltd.	0113
29350	PICKLES HOLDINGS CO.,LTD.	0111
29360	BASE FOOD,Inc.	0113
29370	St.Cousair CO.,LTD.	0113
29380	Okamura Foods Co.,Ltd.	0112
293A0	BABY JOB Co.,Ltd.	0105
294A0	NEXT FUNDS MSCI Global Climate 500 Japan Selection Index Exchange Traded Fund	0109
295A0	One ETF FTSE Saudi Arabia Index	0109
29610	NITCHO CORPORATION	0112
29620	TECNISCO,LTD.	0112
296A0	Reiwa Accounting Holdings Co.,Ltd.	0113
29700	GOOD LIFE COMPANY,INC.	0112
29710	ESCON JAPAN REIT Investment Corporation	0109
29720	SANKEI REAL ESTATE Inc.	0109
29750	Star Mica Holdings Co.,Ltd.	0111
29780	TSUKURUBA Inc.	0113
29790	SOSiLA Logistics REIT,Inc.	0109
297A0	ALPICO HOLDINGS CO.,LTD.	0112
29800	SRE Holdings Corporation	0111
29810	Landix Inc.	0113
29820	A.D.Works Group Co.,Ltd.	0111
29830	Arr Planner Co.,Ltd.	0113
29840	Yamaichi Real Estate Co.,Ltd	0112
29850	First Stage Corporation	0105
29860	LA Holdings Co.,Ltd.	0113
29890	Tokaido REIT,Inc.	0109
298A0	GVA TECH,Inc.	0113
29900	Aida Sekkei Co.,Ltd.	0105
29910	LANDNET Inc.	0112
29920	URBAN LiKE INC.	0105
29930	Choei Inc.	0112
29940	Answer Holdings Co.,Ltd	0105
29950	J-REX Corporation	0105
29970	STORAGE-OH Co.,Ltd.	0113
29980	CREAL Inc.	0113
29990	Home Position Co.,Ltd.	0112
299A0	dely inc.	0113
30010	Katakura Industries Co.,Ltd.	0112
30020	GUNZE LIMITED	0111
30030	Hulic Co.,Ltd.	0111
30040	SHINYEI KAISHA	0112
300A0	MIC Co.,Ltd.	0112
30100	Polaris Holdings Co.,Ltd.	0112
30110	BANNERS CO.,LTD.	0112
301A0	In-dex,Inc.	0105
30200	Applied Co.,Ltd.	0112
30210	Pacific Net Co.,Ltd.	0112
30230	Rasa Corporation	0112
30240	CREATE CORPORATION	0112
30280	Alpen Co.,Ltd.	0111
302A0	b-style holdings,Inc.	0113
30300	HUB CO.,LTD.	0112
30310	RACCOON HOLDINGS,Inc.	0111
30340	Qol Holdings Co.,Ltd.	0111
30350	ktk INC.	0112
30360	ALCONIX CORPORATION	0111
30380	KOBE BUSSAN CO.,LTD.	0111
303A0	visumo Inc.	0113
30400	SOLITON SYSTEMS K.K.	0111
30410	Beauty Kadan Holdings Co.,Ltd.	0112
30420	SecuAvail Inc.	0113
30450	Kawasaki & Co.,Ltd.	0112
30460	JINS HOLDINGS Inc.	0111
30480	BIC CAMERA INC.	0111
304A0	FORCIA,Inc.	0113
30500	DCM Holdings Co.,Ltd.	0111
30530	PEPPER FOOD SERVICE CO.,LTD.	0112
30540	HYPER Inc.	0112
30580	Sanyodo Holdings Inc.	0112
30590	HIRAKI CO.,LTD.	0112
305A0	Double Tree Inc.	0105
30630	j-Group Holdings Corp.	0113
30640	MonotaRO Co.,Ltd.	0111
30650	Life Foods Co.,Ltd.	0112
30670	TOKYO ICHIBAN FOODS CO.,LTD.	0112
30680	WDI Corporation	0112
30690	JFLA Holdings Inc.	0112
30700	JELLY BEANS GROUP Co.,Ltd.	0113
30710	Stream Co.,Ltd.	0112
30730	DD GROUP Co.,Ltd.	0111
30750	Choushimaru Co.,Ltd.	0112
30760	Ai Holdings Corporation	0111
30770	Horiifoodservice Co.,Ltd.	0112
30790	DVx Inc.	0112
307A0	Housing staff Inc.	0105
30800	JASON CO.,LTD.	0112
30820	KICHIRI HOLDINGS & Co.,Ltd.	0112
30830	Star seeds Co.,Ltd.	0112
30860	J.FRONT RETAILING Co.,Ltd.	0111
30870	DOUTOR・NICHIRES Holdings Co.,Ltd.	0111
30880	MatsukiyoCocokara & Co.	0111
30890	Techno Alpha Co.,Ltd.	0112
308A0	Postmate Holdings,Inc.	0105
30910	BRONCO BILLY Co.,LTD.	0111
30920	ZOZO,Inc.	0111
30930	Treasure Factory Co.,LTD.	0111
30940	SUPER VALUE CO.,LTD.	0112
30960	OCEAN SYSTEM CORPORATION	0112
30970	The Monogatari Corporation	0111
30990	Isetan Mitsukoshi Holdings Ltd.	0111
309A0	COSMOS CHOUZAI Pharmacy Co.,Ltd.	0105
31010	TOYOBO CO.,LTD.	0111
31030	UNITIKA LTD.	0111
31040	Fujibo Holdings,Inc.	0111
31050	Nisshinbo Holdings Inc.	0111
31060	KURABO INDUSTRIES LTD.	0111
31070	Daiwabo Holdings Co.,Ltd.	0111
31090	SHIKIBO LTD.	0111
310A0	Thirty Four co.,ltd.	0105
31100	NITTO BOSEKI CO.,LTD.	0111
31110	OMIKENSHI CO.,LTD.	0112
31130	UNIVA Oak Holdings Limited	0112
31160	TOYOTA BOSHOKU CORPORATION	0111
311A0	NPT CO.,LTD.	0105
31210	MBK Co.,Ltd.	0112
31230	SAIBO Co.,Ltd.	0112
312A0	Shinko Holdings Corporation	0105
31310	SHINDEN HIGHTEX CORPORATION	0112
31320	MACNICA HOLDINGS,INC.	0111
31330	kaihan co.,Ltd.	0113
31340	Hamee Corp.	0112
31350	MarketEnterprise Co.,Ltd	0111
31370	Fundely Co.,Ltd.	0113
31380	Fujisan Magazine Service Co.,Ltd.	0113
31390	Lacto Japan Co.,Ltd.	0111
313A0	iShares S&P 500 Top 20 ETF	0109
31400	BRUNO,Inc.	0113
31410	WELCIA HOLDINGS CO.,LTD.	0111
31430	O'will Corporation	0112
31480	CREATE SD HOLDINGS CO.,LTD.	0111
314A0	iShares Gold ETF	0109
31500	grems,Inc.	0111
31510	VITAL KSK HOLDINGS,INC.	0111
31530	Yashima Denki Co.,Ltd.	0111
31540	MEDIUS HOLDINGS Co.,Ltd.	0111
31560	Restar Corporation	0111
31570	GEOLIVE Group Corporation	0112
31590	Maruzen CHI Holdings Co.,Ltd.	0112
315A0	Global X Japan Bank High Dividend ETF	0109
31600	OOMITSU CO.,LTD.	0112
31610	AZEARTH Corporation	0112
31660	OCHI HOLDINGS CO.,LTD.	0112
31670	TOKAI Holdings Corporation	0111
31680	MERF Inc.	0112
31690	Misawa & Co.,Ltd.	0112
316A0	iFreeETF FANG+	0109
31720	Tea Life Co.,Ltd.	0112
31730	Cominix Co.,Ltd.	0112
31740	Happiness and D Co.,Ltd.	0112
31750	AP HOLDINGS CO.,LTD.	0112
31760	Sanyo Trading Co.,Ltd.	0111
31770	ARIGATOU SERVICES COMPANY,LIMITED	0112
31780	CHIMNEY CO.,LTD.	0112
31790	Syuppin Co.,Ltd.	0111
317A0	SMS Data Tech Corporation	0105
31800	BEAUTY GARAGE Inc.	0111
31810	KAITORI OKOKU CO.,LTD.	0112
31820	Oisix ra daichi Inc.	0111
31830	WIN-Partners Co.,Ltd.	0111
31840	International Conglomerate of Distribution for Automobile Holdings Co.,Ltd.	0112
31850	DREAM VISION CO.,LTD.	0113
31860	NEXTAGE Co.,Ltd.	0111
31870	miratap inc.	0113
31890	ANAP HOLDINGS INC.	0112
318A0	SIMPLEX VIX Short-Term Futures ETF	0109
31900	HOTMAN Co.,Ltd.	0112
31910	JOYFUL HONDA CO.,LTD.	0111
31920	Shirohato Co.,Ltd.	0112
31930	Eternal Hospitality Group Co.,Ltd.	0111
31950	GENERATION PASS CO.,LTD.	0113
31960	HOTLAND HOLDINGS Co.,Ltd.	0111
31970	SKYLARK HOLDINGS CO.,LTD.	0111
31980	SFP Holdings Co.,Ltd.	0111
31990	Watahan & Co.,Ltd.	0111
319A0	Next Generation Technology Group Inc.	0113
32010	THE JAPAN WOOL TEXTILE CO.,LTD.	0111
32020	Daitobo Co.,Ltd.	0112
32040	Toabo Corporation	0112
32050	DAIDOH LIMITED	0112
320A0	D&I,Inc.	0105
321A0	Human Stage Holdings Corporation	0105
32210	Yossix Holdings Co.,Ltd.	0111
32220	United Super Markets Holdings Inc.	0112
32230	SLD Entertainment Inc.	0112
32240	General Oyster,Inc.	0113
32260	Nippon Accommodations Fund Inc.	0109
322A0	HIMEJI RIKA CO.,LTD.	0105
32310	Nomura Real Estate Holdings,Inc.	0111
32320	Mie Kotsu Group Holdings,Inc.	0111
32340	MORI HILLS REIT INVESTMENT CORPORATION	0109
32360	PROPERST CO.,LTD.	0112
32370	INTRANCE CO.,LTD.	0113
32380	CENTRAL GENERAL DEVELOPMENT CO.,LTD.	0112
323A0	Flier Inc.	0113
32410	WILL,Co.,Ltd.	0112
32420	URBANET CORPORATION CO.,LTD.	0112
32450	DEAR LIFE CO.,LTD.	0111
32460	KOSE R.E. Co.,Ltd.	0112
32480	EARLY AGE CO.,Ltd.	0112
32490	Industrial & Infrastructure Fund Investment Corporation	0109
324A0	Booking Resort Co.,Ltd.	0113
32520	JINUSHI Co.,Ltd.	0111
325A0	TENTIAL Inc.	0113
32610	GRANDES,Inc.	0113
32660	Fund Creation Group Co.,Ltd.	0112
32670	Phil Company,Inc.	0112
32690	Advance Residence Investment Corporation	0109
326A0	aero lab international Inc.	0105
32710	The Global Ltd.	0112
32760	Japan Property Management Center Co.,Ltd.	0111
32770	Sansei Landic Co.,Ltd	0112
32790	Activia Properties Inc.	0109
32800	STrust Co.,Ltd.	0112
32810	GLP J-REIT	0109
32820	Comforia Residential REIT,Inc	0109
32830	Nippon Prologis REIT,Inc.	0109
32840	Hoosiers Holdings Co.,Ltd.	0111
32860	TRUST Holdings Inc.	0112
32870	Hoshino Resorts REIT,Inc.	0109
32880	Open House Group Co.,Ltd.	0111
32890	Tokyu Fudosan Holdings Corporation	0111
328A0	Global X Japan Pricing Power Leaders ETF	0109
32900	One REIT,Inc.	0109
32910	Iida Group Holdings Co.,Ltd.	0111
32920	AEON REIT Investment Corporation	0109
32930	AZUMA HOUSE Co.,Ltd.	0112
32940	e'grand Co.,Ltd	0112
32950	Hulic Reit,Inc.	0109
32960	NIPPON REIT Investment Corporation	0109
32970	Toubujyuhan Co.,Ltd.	0112
32990	MUGEN ESTATE Co.,Ltd.	0112
329A0	ZEAL Associate Corp.	0105
33000	AMBITION DX HOLDINGS Co.,Ltd.	0113
33020	TEIKOKU SEN-I Co.,Ltd.	0111
33060	THE NIHON SEIMA CO.,LTD.	0112
33090	Sekisui House Reit,Inc.	0109
330A0	TalentX Inc.	0113
33150	NIPPON COKE & ENGINEERING COMPANY,LIMITED	0111
33170	FLYING GARDEN CO.,LTD.	0112
33190	Golf Digest Online Inc.	0111
331A0	Medix Inc.	0112
33200	CROSS PLUS INC.	0112
33210	MITACHI CO.,LTD.	0112
33230	RECOMM CO.,LTD.	0112
33260	RUNSYSTEM CO.,LTD.	0112
33280	BEENOS Inc.	0111
33290	TOWA FOOD SERVICE CO.,LTD.	0112
332A0	MEEQ Inc.	0113
33330	ASAHI CO.,LTD.	0111
333A0	TECHNOSMILE,INC.	0105
33410	NIHON CHOUZAI Co.,Ltd.	0111
33470	TRUST CO.,LTD.	0112
33490	COSMOS Pharmaceutical Corporation	0111
334A0	Visual Processing Japan Co.,Ltd.	0113
33500	Metaplanet Inc.	0112
33520	BUFFALO CO.,LTD.	0112
33530	Medical Ikkou Group Co.,Ltd.	0112
33550	KURIYAMA HOLDINGS CORPORATION	0112
33580	Y.S.FOOD CO.,LTD.	0112
33590	cotta CO.,LTD	0113
335A0	Mirairo Inc.	0113
33600	SHIP HEALTHCARE HOLDINGS,INC.	0111
33610	Toell Co.,Ltd.	0112
336A0	Dynamic Map Platform Co.,Ltd.	0113
33700	FUJITA CORPORATION Co.,Ltd.	0112
33710	SOFTCREATE HOLDINGS CORP.	0111
33720	KANMONKAI Co.,Ltd.	0112
33740	Naigai Tec Corporation	0112
33750	ZOA CORPORATION	0112
33770	BIKE O & COMPANY Ltd.	0112
33820	Seven & i Holdings Co.,Ltd.	0111
33860	COSMO BIO COMPANY,LIMITED	0112
33870	create restaurants holdings inc.	0111
33880	MEIJI ELECTRIC INDUSTRIES CO.,LTD.	0111
338A0	ZenmuTech,Inc.	0113
33910	TSURUHA HOLDINGS INC.	0111
33920	DELICA FOODS HOLDINGS CO.,LTD.	0112
33930	Startia Holdings,Inc.	0111
33950	Saint Marc Holdings Co.,Ltd.	0111
33960	FELISSIMO CORPORATION	0112
33970	TORIDOLL Holdings Corporation	0111
33990	Maruchiyo Yamaokaya Corporation	0112
339A0	PROGRESS TECHNOLOGIES GROUP,Inc.	0113
34010	TEIJIN LIMITED	0111
34020	TORAY INDUSTRIES,INC.	0111
34050	KURARAY CO.,LTD.	0111
34070	ASAHI KASEI CORPORATION	0111
34090	KITABO CO.,LTD	0112
340A0	zig-zag,Inc.	0113
34150	TOKYO BASE Co.,Ltd.	0111
34160	PIXTA Inc.	0113
34170	OHKI HEALTHCARE HOLDINGS CO.,LTD.	0112
34180	BALNIBARBI Co.,Ltd.	0113
341A0	TOYOKOH Inc.	0113
34200	KFC Ltd	0112
34210	INABA SEISAKUSHO Co.,Ltd.	0112
34220	J-MAX Co.,Ltd.	0112
34230	S E Corporation	0112
34260	ATOM LIVIN TECH Co.,Ltd.	0112
34310	MIYAJI ENGINEERING GROUP,INC.	0111
34330	TOCALO Co.,Ltd.	0111
34340	ALPHA Corporation	0112
34350	SANKO TECHNO CO.,LTD.	0112
34360	SUMCO CORPORATION	0111
34370	TOKUDEN CO.,LTD.	0112
34390	Mitsuchi Corporation	0112
343A0	IACE TRAVEL Corporation.	0112
34400	NISSO GROUP Co.,Ltd.	0112
34410	SANNO Co.,Ltd.	0112
34430	KAWADA TECHNOLOGIES,INC.	0111
34440	KIKUCHI SEISAKUSHO CO.,LTD.	0112
34450	RS Technologies Co.,Ltd.	0111
34460	JTEC CORPORATION	0111
34470	Shinwa Co.,Ltd.	0112
34480	SUGA STEEL Co.,LTD.	0105
34490	TECHNOFLEX CORPORATION	0112
34500	Sato Sangyo Co.,Ltd,	0105
34510	Tosei Reit Investment Corporation	0109
34520	B-Lot Company Limited	0112
34540	First Brothers Co.,Ltd.	0112
34550	Healthcare & Medical Investment Corporation	0109
34570	&Do Holdings Co.,Ltd.	0111
34590	Samty Residential Investment Corporation	0109
345A0	High Dividend Growth Japan Equity Net Return ETN	0109
34610	Palma Co.,Ltd.	0112
34620	Nomura Real Estate Master Fund,Inc.	0109
34630	Ichigo Hotel REIT Investment Corporation	0109
34650	KI-STAR REAL ESTATE CO.,LTD	0111
34660	LaSalle LOGIPORT REIT	0109
34670	Agratio urban design Inc.	0112
34680	Star Asia Investment Corporation	0109
34690	Dualtap Co.,Ltd.	0112
346A0	NEXT FUNDS S&P 500 Semiconductors & Semiconductor Equipment (Industry Group) 35% Capped Index Exchange Traded Fund	0109
34700	Marimo Regional Revitalization REIT,Inc.	0109
34710	Mitsui Fudosan Logistics Park Inc.	0109
34720	Nippon Hotel & Residential Investment Corporation	0109
34740	G-FACTORY CO.,LTD.	0113
34750	Good Com Asset Co.,Ltd.	0111
34760	MIRAI Corporation	0109
34770	FORLIFE Co.,Ltd.	0113
34790	TKP Corporation	0113
347A0	GROWTH POWER CO.,LTD.	0105
34800	J.S.B.Co.,Ltd.	0111
34810	Mitsubishi Estate Logistics REIT Investment Corporation	0109
34820	Loadstar Capital K.K.	0111
34830	SHOEI CO.,LTD.	0105
34840	Innovation Holdings CO.,LTD.	0111
34860	GLOBAL LINK MANAGEMENT INC.	0111
34870	CRE Logistics REIT,Inc.	0109
34880	XYMAX REIT Investment Corporation	0109
34890	FaithNetwork Co.,Ltd	0112
348A0	MAXIS Yomiuri333 Japan Stock ETF	0109
34900	Azplanning Co.,Ltd.	0112
34910	GAtechnologies Co.,Ltd.	0113
34920	Takara Leben Real Estate Investment Corporation	0109
34940	Mullion Co.,Ltd.	0112
34950	Koryojyuhan Co.,Ltd.	0112
34960	AZOOM CO.,LTD	0111
34970	LeTech Corporation	0113
34980	Kasumigaseki Capital Co.,Ltd.	0111
349A0	SMDAM Active ETF Japan Growth Equity	0109
35010	SUMINOE Co.,Ltd.	0111
350A0	DIGITAL GRID Corporation	0113
35120	Nippon Felt Company Limited	0112
35130	ICHIKAWA CO.,LTD.	0112
351A0	AXIS IT Partners Corp.	0105
35210	ECONACH HOLDINGS CO.,LTD.	0112
35240	NITTO SEIMO CO.,LTD.	0112
35260	ASHIMORI INDUSTRY CO.,LTD.	0112
35290	ATSUGI CO.,LTD.	0112
352A0	LIFE CREATE Co.,Ltd,	0113
35360	AXAS HOLDINGS CO.,LTD.	0112
35370	SHOEI YAKUHIN CO.,LTD.	0112
35380	WILLPLUS Holdings Corporation	0112
35390	JM HOLDINGS CO.,LTD.	0111
35400	C.I.MEDICAL CO.,LTD.	0112
35410	Nousouken Corporation	0113
35420	Vega corporation Co.,Ltd.	0113
35430	KOMEDA Holdings Co.,Ltd.	0111
35440	SATUDORA HOLDINGS CO.,LTD.	0112
35460	Alleanza Holdings Co.,Ltd.	0111
35470	KUSHIKATSU TANAKA HOLDINGS CO.	0112
35480	BAROQUE JAPAN LIMITED	0111
35490	KUSURI NO AOKI HOLDINGS CO.,LTD.	0111
354A0	iFreeETF Bloomberg Japan High Dividend 50 Index	0109
35500	STUDIO ATAO Co.,Ltd.	0113
35510	DYNIC CORPORATION	0112
35530	KYOWA LEATHER CLOTH CO.,LTD.	0112
35560	RenetJapanGroup,Inc.	0113
35570	UNITED&COLLECTIVE CO.LTD.	0113
35580	JADE GROUP,Inc.	0113
35590	p-ban.com Corp.	0112
355A0	Now Village Co.,Ltd.	0105
35600	Hobonichi Co.,Ltd.	0112
35610	CHIKARANOMOTO HOLDINGS Co.,Ltd.	0111
35620	No.1 Co.,Ltd	0112
35630	FOOD & LIFE COMPANIES LTD.	0111
35650	Ascentech K.K.	0112
35660	UNIFORM NEXT CO.,LTD.	0113
35690	SEIREN CO.,LTD.	0111
356A0	Global X S&P 500 Cash Flow Top 100 ETF	0109
35710	SOTOH CO.,LTD.	0112
35770	Tokai Senko K.K.	0112
357A0	F&F Inc.	0105
35800	KOMATSU MATERE Co.,Ltd.	0111
35830	AuBEX CORPORATION	0112
358A0	ZENLAND,INC.	0105
35910	WACOAL HOLDINGS CORP.	0111
35930	HOGY MEDICAL CO.,LTD.	0111
35970	JICHODO Co.,Ltd.	0112
35980	YAMAKI CO.,LTD.	0112
359A0	NEXT STAGE Co.,Ltd.	0105
36000	FUJIX Ltd.	0112
36070	KURAUDIA HOLDINGS CO.,LTD.	0112
36080	TSI HOLDINGS CO.,LTD.	0111
360A0	TSE REIT Core ETF	0109
36110	MATSUOKA CORPORATION	0112
36120	WORLD CO.,LTD.	0111
361A0	LIVING HOUSE Co.,Ltd.	0105
36220	Netyear Group Corporation	0113
36230	Billing System Corporation	0113
36240	AXEL MARK INC.	0113
36250	Techfirm Holdings Inc.	0113
36260	TIS Inc.	0111
36270	TECMIRA HOLDINGS INC.	0112
36280	DATA HORIZON CO.,LTD.	0113
362A0	EXEO HOLDINGS Inc.	0105
36320	GREE Holdings,Inc.	0111
36330	GMO Pepabo,Inc.	0112
36340	Sockets Inc.	0112
36350	KOEI TECMO HOLDINGS CO.,LTD.	0111
36360	Mitsubishi Research Institute,Inc.	0111
36390	Voltage Incorporation	0112
363A0	iFreeETF FTSE100	0109
36400	DENSAN CO.,LTD.	0112
36410	PAPYLESS CO.,LTD.	0112
36450	Medical Net,Inc.	0113
36460	Ekitan & Co.,Ltd.	0113
36470	G Three Holdings CORPORATION	0112
36480	AGS Corporation	0112
36490	FINDEX Inc.	0111
364A0	NEXT FUNDS S&P 500 Dividend Aristocrats Index Exchange Traded Fund	0109
36520	Digital Media Professionals Inc.	0113
36530	Morpho,Inc.	0113
36550	BrainPad Inc.	0111
36560	KLab Inc.	0111
36570	Pole To Win Holdings,Inc.	0111
36590	NEXON Co.,Ltd.	0111
365A0	IZAWA TOWEL CO.,LTD.	0112
36600	istyle Inc.	0111
36610	m-up holdings,Inc.	0111
36620	Ateam Holdings Co.,Ltd.	0111
36630	CELSYS,Inc.	0111
36640	MOBCAST HOLDINGS INC.	0113
36650	Enigmo Inc.	0111
36670	enish,inc.	0112
36680	COLOPL,Inc.	0111
366A0	Wellness Communications Corporation	0113
36700	Kyoritsu Computer & Communication Co.,Ltd.	0112
36710	SOFTMAX CO.,LTD	0113
36720	AltPlusInc.	0112
36730	Broadleaf Co.,Ltd.	0111
36740	Aucfan Co.,Ltd.	0113
36750	Cross Marketing Group Inc.	0111
36760	DIGITAL HEARTS HOLDINGS Co.,Ltd.	0111
36780	MEDIA DO Co.,Ltd.	0111
36790	ZIGExN Co.,Ltd.	0111
367A0	Primo Global Holdings Co.,Ltd.	0112
36800	Hotto Link Inc.	0113
36810	V-cube,Inc.	0111
36820	Encourage Technologies Co.,Ltd.	0112
36830	CYBERLINKS CO.,LTD.	0112
36860	DLE Inc.	0112
36870	Fixstars Corporation	0111
36880	CARTA HOLDINGS,INC.	0111
368A0	Kitazato Corporation	0111
36900	YRGLM Inc.	0113
36910	DIGITAL PLUS,Inc.	0113
36920	FFRI Security,Inc.	0113
36940	OPTiM CORPORATION	0111
36950	GMO Research & AI,Inc.	0113
36960	CERES INC.	0111
36970	SHIFT Inc.	0111
36980	CRI Middleware Co.,Ltd.	0113
369A0	A-tie Co.,Ltd.	0113
37080	Tokushu Tokai Paper Co.,Ltd.	0111
370A0	REBIBLE Co.,Ltd.	0105
37100	Jorudan Co.,Ltd.	0112
37120	Information Planning CO.,LTD.	0112
37190	AI storm Co.,Ltd.	0112
371A0	DesigNET Inc.	0105
37230	NIHON FALCOM CORPORATION	0113
37260	4Cs HD Co.,Ltd.	0112
37270	Aplix Corporation	0113
372A0	RENT CORPORATION	0112
37330	Software Service,Inc.	0112
373A0	LIPPS CO.,LTD	0113
37410	Systems Engineering Consultants Co.,LTD.	0111
37440	SIOS Corporation	0112
37470	INTERTRADE Co.,Ltd.	0112
37500	ADR120S,Inc.	0112
37530	FLIGHT SOLUTIONS Inc.	0112
37580	Aeria Inc.	0112
375A0	YAK Holdings Co.,Ltd	0105
37600	CAVE Interactive CO.,LTD.	0112
37620	TECHMATRIX CORPORATION	0111
37630	Pro-Ship Incorporated	0111
37650	GungHo Online Entertainment,Inc.	0111
37660	SYSTEMS DESIGN Co.,Ltd.	0112
37680	Riskmonster.com	0112
37690	GMO Payment Gateway,Inc.	0111
376A0	NEXT FUNDS Bloomberg US Treasury Bond (7-10 year) Index (75% Yen-Hedged) Exchange Traded Fund	0109
37700	ZAPPALLAS,INC.	0112
37710	SYSTEM RESEARCH CO.,LTD.	0111
37720	Wealth Management,Inc.	0112
37730	Advanced Media,Inc.	0113
37740	Internet Initiative Japan Inc.	0111
37760	BroadBand Tower,Inc.	0112
37770	Environment Friendly Holdings Corp.	0113
37780	SAKURA internet Inc.	0111
37790	J ESCOM HOLDINGS,INC.	0112
37870	Techno Mathematical Co.,Ltd.	0112
37880	GMO GlobalSign Holdings K.K.	0111
37910	IG Port,Inc.	0112
37930	Drecom Co.,Ltd.	0113
37960	e-Seikatsu Co.,Ltd.	0112
37980	ULS Group,Inc.	0112
37990	Keyware Solutions Inc.	0112
379A0	Global X S&P 500 ETF (Dynamic Protection)	0109
38000	UNIRITA Inc.	0112
38020	ECOMIC CO.,LTD	0112
38030	Image Information Inc.	0113
38040	System D Inc.	0112
38070	FISCO Ltd.	0113
380A0	Global X China Tech ETF	0109
38100	CyberStep,Inc.	0112
38140	Alphax Food System Co.,LTD	0113
38150	Media Kobo,Inc.	0113
38160	DAIWA COMPUTER CO.,LTD.	0112
38170	SRA Holdings,Inc.	0111
381A0	iFreeETF US Treasury Bond 3-5 Year (NON HEDGED)	0109
38230	THE WHY HOW DO COMPANY,Inc.	0112
38250	Remixpoint,inc.	0112
38260	System Integrator Corp.	0112
382A0	iFreeETF US Treasury Bond 3-5 Year (JPY HEDGED)	0109
38340	Asahi Net,Inc.	0111
38350	eBASE Co.,Ltd.	0111
38360	AVANT GROUP CORPORATION	0111
38370	Ad-Sol Nissin Corporation	0111
38390	ODK Solutions Company,Ltd.	0112
383A0	MAXIS S&P500 Equal Weight ETF	0109
38400	PATH Corporation	0112
38410	Jedat Inc.	0112
38420	Nextgen,Inc.	0112
38430	FreeBit Co.,Ltd.	0111
38440	COMTURE CORPORATION	0111
38450	I-FREEK MOBILE INC.	0112
38470	PACIFIC SYSTEMS CORPORATION	0112
38480	Data Applications Company,Limited	0112
38500	NTT DATA INTRAMART CORPORATION	0112
38510	Nippon Ichi Software,Inc.	0112
38530	ASTERIA Corporation	0111
38540	I'LL INC	0111
38560	Abalance Corporation	0112
38580	Ubiquitous AI Corporation	0112
38610	Oji Holdings Corporation	0111
38630	Nippon Paper Industries Co.,Ltd.	0111
38640	Mitsubishi Paper Mills Limited	0111
38650	Hokuetsu Corporation	0111
38770	Chuetsu Pulp & Paper Co.,Ltd.	0111
38780	TOMOEGAWA CORPORATION	0112
38800	Daio Paper Corporation	0111
38910	NIPPON KODOSHI CORPORATION	0112
38920	Okayama Paper Industries Co.,Ltd.	0112
38950	HAVIX CORPORATION	0112
38960	AWA PAPER & TECHNOLOGICAL COMPANY,Inc.	0112
39000	CrowdWorks Inc.	0113
39010	MarkLines Co.,Ltd.	0111
39020	Medical Data Vision Co.,Ltd.	0111
39030	gumi Inc.	0111
39040	KAYAC Inc.	0113
39050	Datasection Inc.	0113
39070	Silicon Studio Corp.	0113
39080	Collabos Corporation	0113
39090	Showcase Inc.	0112
39100	MKSystem Corporation	0112
39110	Aiming Inc.	0113
39120	Mobile Factory,Inc.	0112
39130	GreenBee,Inc.	0113
39140	JIG-SAW INC.	0113
39150	TerraSky Co.,Ltd	0111
39160	Digital Information Technologies Corporation	0111
39170	iRidge,Inc.	0113
39180	PCI Holdings,INC.	0112
39200	Internetworking and Broadband Consulting Co.,Ltd.	0112
39210	NEOJAPAN Inc.	0111
39220	PR TIMES Corporation	0111
39230	RAKUS Co.,Ltd.	0111
39240	R&D COMPUTER CO.,LTD.	0111
39250	Double Standard Inc.	0111
39260	Open Door Inc.	0111
39270	Fuva Brain Limited	0113
39280	Mynet Inc.	0112
39290	SOCIALWIRE CO.,LTD.	0113
39300	Hatena Co.,Ltd.	0113
39310	VALUE GOLF Inc.	0113
39320	Akatsuki Inc.	0111
39330	CHIeru Co.,Ltd.	0112
39340	BENEFIT JAPAN Co.,LTD.	0112
39350	Edia Co.,Ltd.	0112
39360	Globalway,Inc.	0113
39370	Ubicom Holdings,Inc.	0111
39390	Kanamic Network Co.,LTD	0111
39400	Nomura System Corporation Co,Ltd.	0112
39410	Rengo Co.,Ltd.	0111
39430	OHISHI SANGYO CO.,LTD.	0112
39440	Furubayashi Shiko Co.,Ltd.	0112
39450	Superbag Company,Limited	0112
39460	TOMOKU CO.,LTD.	0111
39470	Dynapac Co.,Ltd.	0112
39480	HIKARI BUSINESS FORM CO.,LTD.	0112
39500	THE PACK CORPORATION	0111
39510	ASAHI PRINTING CO.,LTD.	0112
39530	OHMURA SHIGYO CO.,LTD.	0112
39540	SHOWA PAXXS CORPORATION	0112
39550	IMURA & Co.,Ltd.	0112
39580	Sasatoku Printing Co.,Ltd.	0112
39610	Silver Egg Technology CO.,Ltd.	0113
39620	CHANGE Holdings,Inc.	0111
39630	Synchro Food Co.,Ltd.	0111
39640	AUCNET INC.	0111
39650	Capital Asset Planning,Inc.	0112
39670	Eltes Co.,Ltd.	0113
39680	Segue Group Co.,Ltd.	0111
39690	ATLED CORP.	0112
39700	Innovation Inc.	0113
39740	SCAT Inc.	0112
39760	SHANON Inc.	0113
39790	ULURU.CO.,LTD.	0113
39810	Beaglee Inc.	0112
39830	ORO Co.,Ltd.	0111
39840	User Local,Inc.	0111
39850	TEMONA.inc.	0112
39860	bBreak Systems Company,Limited	0113
39870	Ecomott Inc.	0113
39880	SYS Holdings Co.,Ltd.	0112
39890	SHARINGTECHNOLOGY.INC	0113
39910	Wantedly,Inc	0113
39920	Needs Well Inc.	0111
39930	PKSHA Technology Inc.	0111
39940	Money Forward,Inc.	0111
39960	Signpost Corporation	0112
39970	TRADE WORKS Co.,Ltd	0112
39980	SuRaLa Net Co.,Ltd.	0113
40040	Resonac Holdings Corporation	0111
40050	SUMITOMO CHEMICAL COMPANY,LIMITED	0111
40080	Sumitomo Seika Chemicals Company,Limited.	0111
40110	Headwaters Co.,Ltd	0113
40120	AXIS CO.,LTD.	0112
40130	Kinjiro Co.,Ltd.	0113
40140	KARADANOTE,INC.	0113
40150	Paycloud Holdings Inc.	0113
40160	MIT Holdings CO.,LTD.	0112
40170	CREEMA LTD.	0113
40190	Stmn,Inc.	0113
40200	BETREND CORPORATION	0113
40210	Nissan Chemical Corporation	0111
40220	Rasa Industries,Ltd.	0111
40230	KUREHA CORPORATION	0111
40250	TAKI CHEMICAL CO.,LTD.	0111
40260	Konoshima Chemical Co.,Ltd.	0112
40270	TAYCA CORPORATION	0111
40280	ISHIHARA SANGYO KAISHA,LTD.	0111
40310	Katakura & Co-op Agri Corporation	0112
40400	NANKAI CHEMICAL COMPANY,LIMITED	0112
40410	Nippon Soda Co.,Ltd.	0111
40420	TOSOH CORPORATION	0111
40430	Tokuyama Corporation	0111
40440	Central Glass Co.,Ltd.	0111
40450	TOAGOSEI CO.,LTD.	0111
40460	OSAKA SODA CO.,LTD.	0111
40470	KANTO DENKA KOGYO CO.,LTD.	0111
40510	GMO Financial Gate,Inc.	0111
40520	Ficha Inc.	0113
40530	Sun* Inc.	0111
40540	Japan PropTech Co.,Ltd.	0113
40550	T&S Group Inc.	0113
40560	Neural Group Inc.	0113
40570	Interfactory,Inc.	0113
40580	Toyokumo,Inc.	0113
40590	Magmag,Inc.	0112
40600	rakumo Inc.	0113
40610	Denka Company Limited	0111
40620	IBIDEN CO.,LTD.	0111
40630	Shin-Etsu Chemical Co.,Ltd.	0111
40640	Nippon Carbide Industries Company,Incorporated	0111
40680	Basis Corporation	0113
40690	BlueMeme Inc.	0113
40710	Plus Alpha Consulting Co.,LTD.	0111
40720	Densan System Holdings Co.,Ltd.	0111
40730	Global Communication Planning Co.,Ltd.	0113
40740	LaKeel,Inc.	0113
40750	Brains Technology,Inc.	0113
40760	CNS Co.,Ltd.	0113
40780	Sakai Chemical Industry Co.,Ltd.	0111
40800	TANAKA CHEMICAL CORPORATION	0112
40820	DAIICHI KIGENSO KAGAKU-KOGYO CO.,LTD	0111
40880	AIR WATER INC.	0111
40910	NIPPON SANSO HOLDINGS CORPORATION	0111
40920	Nippon Chemical Industrial Co.,Ltd.	0111
40930	Toho Acetylene Co.,Ltd.	0111
40940	NIHON KAGAKU SANGYO CO.,LTD.	0112
40950	NIHON PARKERIZING CO.,LTD.	0111
40970	KOATSU GAS KOGYO CO.,LTD.	0111
40980	Titan Kogyo ,Ltd.	0112
40990	SHIKOKU KASEI HOLDINGS CORPORATION	0111
41000	TODA KOGYO CORP.	0112
41020	Maruo Calcium Co.,Ltd.	0112
41070	ISE CHEMICALS CORPORATION	0112
41090	STELLA CHEMIFA CORPORATION	0111
41120	Hodogaya Chemical Co.,Ltd.	0111
41130	TAOKA CHEMICAL COMPANY,LIMITED	0112
41140	NIPPON SHOKUBAI CO.,LTD.	0111
41160	Dainichiseika Color & Chemicals Mfg.Co.,Ltd.	0111
41180	KANEKA CORPORATION	0111
41190	Nippon Pigment Holdings Company Limited	0112
41200	SUGAI CHEMICAL INDUSTRY CO.,LTD.	0112
41240	OSAKA YUKA INDUSTRY LTD.	0112
41250	SANWAYUKA INDUSTRY CORPORATION	0112
41510	Kyowa Kirin Co.,Ltd.	0111
41650	PLAID,Inc.	0113
41660	Cacco Inc.	0113
41670	Kokopelli Inc.	0113
41680	Yappli,Inc.	0113
41690	ENECHANGE Ltd.	0113
41700	Kaizen Platform,Inc.	0113
41710	Global Information,Inc.	0112
41720	TOWA Hi SYSTEM CO.,LTD.	0112
41730	WACUL.INC	0113
41740	Appirits Inc.	0112
41750	coly Inc.	0113
41760	coconala Inc.	0113
41770	i-plug,Inc.	0113
41780	Sharing Innovations Inc.	0113
41790	G-NEXT Inc.	0113
41800	Appier Group,Inc.	0111
41820	Mitsubishi Gas Chemical Company,Inc.	0111
41830	Mitsui Chemicals,Inc.	0111
41860	TOKYO OHKA KOGYO CO.,LTD.	0111
41870	OSAKA ORGANIC CHEMICAL INDUSTRY LTD.	0111
41880	Mitsubishi Chemical Group Corporation	0111
41890	KH Neochem Co.,Ltd.	0111
41920	SpiderPlus & Co.	0113
41930	Fabrica Holdings Co.,Ltd.	0112
41940	Visional,Inc.	0111
41960	NEO MARKETING Inc.	0112
41970	ASMARQ Co.,Ltd.	0112
41980	TENDA Co.,LTD.	0112
41990	WonderPlanet Inc.	0113
42020	Daicel Corporation	0111
42030	Sumitomo Bakelite Company,Limited	0111
42040	Sekisui Chemical Co.,Ltd.	0111
42050	ZEON CORPORATION	0111
42060	Aica Kogyo Company,Limited	0111
42080	UBE Corporation	0111
42120	Sekisui Jushi Corporation	0111
42160	ASAHI YUKIZAI CORPORATION	0111
42180	NICHIBAN CO.,LTD.	0111
42200	RIKEN TECHNOS CORPORATION	0111
42210	Okura Industrial Co.,Ltd.	0111
42220	KODAMA CHEMICAL INDUSTRY CO.,LTD.	0112
42240	LONSEAL CORPORATION	0112
42280	Sekisui Kasei Co.,Ltd.	0111
42290	Gun Ei Chemical Industry Co.,Ltd.	0111
42310	TIGERS POLYMER CORPORATION	0112
42340	Sun A.Kaken Company,Limited	0112
42350	Ultrafabrics Holdings Co.,Ltd.	0112
42370	Fujipream Corporation	0112
42380	Miraial Co.,Ltd.	0112
42400	CLUSTER TECHNOLOGY CO.,LTD.	0113
42410	atect corporation	0112
42420	TAKAGI SEIKO CORPORATION	0112
42430	NIX,INC.	0112
42450	Daiki Axis Co.,Ltd.	0112
42460	DaikyoNishikawa Corporation	0111
42470	POVAL KOGYO CO.,LTD.	0112
42480	Takemoto Yohki Co.,Ltd.	0112
42490	MORIROKU COMPANY,LTD.	0111
42510	KEIWA Incorporated	0111
42550	THECOO Inc.	0113
42560	CYND Co.,Ltd.	0113
42570	Evixar Inc.	0105
42580	AMIYA Corporation	0113
42590	ExaWizards Inc.	0113
42600	Hybrid Technologies Co.,Ltd.	0113
42610	AsiaQuest Co.,Ltd.	0113
42620	NIFTY Lifestyle Co.,Ltd.	0113
42630	SUSMED,Inc.	0113
42640	SECURE,INC.	0113
42650	Institution for a Global Society Corporation	0113
42670	LIGHTWORKS Corporation	0113
42700	BeeX Inc.	0113
42720	NIPPON KAYAKU CO.,LTD.	0111
42740	HOSOYA PYRO-ENGINEERING CO.,LTD.	0112
42750	Carlit Co.,Ltd.	0111
42840	SOLXYZ Co.,Ltd.	0112
42860	CL Holdings Inc.	0112
42870	JUST PLANNING INC.	0112
42880	Asgent,Inc.	0112
42900	Prestige International Inc.	0111
42930	SEPTENI HOLDINGS CO.,LTD.	0112
42990	HIMACS,Ltd.	0112
43010	AMUSE INC.	0111
43070	Nomura Research Institute,Ltd.	0111
43080	J-Stream Inc.	0113
43100	Dream Incubator Inc.	0111
43160	BeMap,Inc.	0113
43170	Ray Corporation	0112
43180	QUICK CO.,LTD.	0111
43190	TAC CO.,LTD.	0112
43200	CE Holdings Co.,Ltd.	0112
43230	Japan System Techniques Co.,Ltd.	0111
43240	DENTSU GROUP INC.	0111
43260	INTAGE HOLDINGS Inc.	0111
43310	TAKE AND GIVE. NEEDS Co.,Ltd.	0111
43330	TOHO SYSTEM SCIENCE CO.,LTD.	0111
43340	YUKE'S Co.,Ltd.	0112
43350	IPS HOLDINGS CO.,LTD.	0112
43370	PIA CORPORATION	0111
43410	SEIRYO ELECTRIC CORPORATION	0112
43430	AEON Fantasy Co.,LTD.	0111
43440	SOURCENEXT CORPORATION	0111
43450	CTS Co.,Ltd.	0111
43460	NEXYZ.Group Corporation	0112
43470	Broadmedia Corporation	0112
43500	MEDICAL SYSTEM NETWORK Co.,Ltd.	0112
43510	YAMADA SERVICER SYNTHETIC OFFICE	0112
43560	APPLIED TECHNOLOGY CO.,LTD.	0112
43600	MANAC Chemical Partners Co.,Ltd	0112
43610	KAWAGUCHI CHEMICAL INDUSTRY CO.,LTD.	0112
43620	Nippon Fine Chemical Co.,Ltd.	0111
43650	MATSUMOTO YUSHI-SEIYAKU CO.,LTD.	0112
43660	Daito Chemix Corporation	0112
43670	KOEI CHEMICAL COMPANY,LIMITED	0112
43680	FUSO CHEMICAL CO.,LTD.	0111
43690	Tri Chemical Laboratories Inc.	0111
43700	Mobilus Corporation	0113
43710	Core Concept Technologies Inc.	0113
43720	YMIRLINK,Inc.	0113
43730	Simplex Holdings,Inc.	0111
43740	ROBOT PAYMENT INC.	0113
43750	Safie Inc.	0113
43760	Kufu Company Holdings Inc.	0113
43770	ONE CAREER Inc.	0113
43780	CINC Corp.	0113
43790	Photosynth inc.	0113
43800	M - mart Inc.	0113
43810	BPLATS,Inc.	0113
43820	HEROZ,Inc.	0112
43840	RAKSUL INC.	0111
43850	Mercari,Inc.	0111
43860	SIG Group Co.,Ltd.	0112
43870	ZUU Co.,Ltd.	0113
43880	AI,Inc.	0113
43890	Property Data Bank,Inc.	0113
43900	IPS,Inc.	0111
43910	Logizard Co.,Ltd.	0113
43920	Future Innovation Group,Inc.	0111
43930	Bank of Innovation,Inc.	0113
43940	eXmotion Co.,Ltd.	0113
43950	Accrete Inc.	0113
43960	System Support Holdings Inc.	0111
43970	TeamSpirit Inc.	0113
43980	BroadBand Security,Inc.	0112
44010	ADEKA CORPORATION	0111
44030	NOF CORPORATION	0111
44040	Miyoshi Oil & Fat Co.,Ltd.	0112
44060	New Japan Chemical Co.,Ltd.	0112
44090	TOHO CHEMICAL INDUSTRY COMPANY,LIMITED	0112
44100	HARIMA CHEMICALS GROUP,INC.	0111
44120	Science Arts,Inc.	0113
44130	baudroie,inc.	0111
44140	FLECT Co.,Ltd.	0113
44150	BROAD ENTERPRISE CO.,LTD.	0113
44160	True Data Inc.	0113
44170	Global Security Experts Inc.	0113
44180	Japan Data Science Consortium Co.Ltd.	0113
44190	Finatext Holdings Ltd.	0113
44200	eSOL Co.,Ltd.	0112
44210	D.I.System Co.,Ltd.	0112
44220	VALUENEX Japan Inc.	0113
44240	Amazia,inc.	0113
44250	Kudan Inc.	0113
44260	Passlogy Co.,Ltd.	0105
44270	EduLab,Inc.	0113
44280	sinops Inc.	0113
44290	Ricksoft Co.,Ltd.	0113
44300	TOKAI SOFT CO.,LTD.	0112
44310	Smaregi,Inc.	0113
44320	WingArc1st Inc.	0111
44330	HITO-Communications Holdings,Inc.	0111
44340	Serverworks Co.,Ltd.	0112
44360	MINKABU THE INFONOID,Inc.	0113
44370	gooddays holdings,Inc.	0113
44380	Welby Inc.	0113
44390	TOUMEI CO.,LTD.	0112
44400	WITZ Corporation	0112
44410	Tobila Systems Inc.	0112
44420	VALTES HOLDINGS CO.,LTD.	0113
44430	Sansan,Inc.	0111
44440	infoNet inc.	0113
44450	Living Technologies Inc.	0113
44460	Link-U Group Inc.	0111
44470	PBsystems,Inc.	0113
44480	kubell Co.,Ltd.	0113
44490	giftee Inc.	0111
44500	Power Solutions,Ltd.	0113
44520	Kao Corporation	0111
44610	DKS Co.Ltd.	0111
44620	ISHIHARA CHEMICAL CO.,LTD.	0111
44630	NICCA CHEMICAL CO.,LTD.	0112
44640	SOFT99corporation	0112
44650	Niitaka Co., Ltd.	0112
44710	SANYO CHEMICAL INDUSTRIES,LTD.	0111
44750	HENNGE K.K.	0113
44760	AI CROSS Inc.	0113
44770	BASE,Inc.	0113
44780	freee K.K.	0113
44790	Makuake,Inc.	0113
44800	MEDLEY,INC.	0111
44810	BASE CO.,LTD.	0111
44820	WILLs Inc.	0113
44830	JMDC Inc.	0111
44840	LANCERS,INC.	0113
44860	Unite and Grow Inc.	0113
44870	Spacemarket,Inc.	0113
44880	AI inside Inc.	0113
44900	VisasQ Inc.	0113
44910	Computer Management Co.,Ltd.	0112
44920	GENETEC CORPORATION	0112
44930	Cyber Security Cloud,Inc.	0113
44940	Vario Secure Inc.	0112
44950	i Cubed Systems,Inc.	0113
44960	Commerce One Holdings Inc.	0113
44980	Cybertrust Japan Co.,Ltd.	0113
44990	Speee,Inc.	0112
45020	Takeda Pharmaceutical Company Limited	0111
45030	Astellas Pharma Inc.	0111
45060	Sumitomo Pharma Co.,Ltd.	0111
45070	Shionogi & Co.,Ltd.	0111
45120	WAKAMOTO PHARMACEUTICAL CO.,LTD.	0112
45160	Nippon Shinyaku Co.,Ltd.	0111
45190	CHUGAI PHARMACEUTICAL CO.,LTD.	0111
45210	KAKEN PHARMACEUTICAL CO.,LTD.	0111
45230	Eisai Co.,Ltd.	0111
45240	MORISHITA JINTAN CO.,LTD.	0112
45260	RIKEN VITAMIN CO.,LTD.	0111
45270	ROHTO PHARMACEUTICAL CO.,LTD.	0111
45280	ONO PHARMACEUTICAL CO.,LTD.	0111
45300	HISAMITSU PHARMACEUTICAL CO.,INC.	0111
45310	Yuki Gosei Kogyo Co.,Ltd.	0112
45340	Mochida Pharmaceutical Co.,Ltd.	0111
45360	SANTEN PHARMACEUTICAL CO.,LTD.	0111
45380	Fuso Pharmaceutical Industries,Ltd.	0111
45390	NIPPON CHEMIPHAR CO.,LTD.	0112
45400	TSUMURA & CO.	0111
45430	TERUMO CORPORATION	0111
45440	H.U. Group Holdings,Inc.	0111
45470	KISSEI PHARMACEUTICAL CO.,LTD.	0111
45480	SEIKAGAKU CORPORATION	0111
45490	EIKEN CHEMICAL CO.,LTD.	0111
45510	TORII PHARMACEUTICAL CO.,LTD.	0111
45520	JCR Pharmaceuticals Co.,Ltd.	0111
45530	TOWA PHARMACEUTICAL CO.,LTD.	0111
45540	Fuji Pharma Co.,Ltd.	0111
45560	KAINOS Laboratories,Inc.	0112
45580	CHUKYO IYAKUHIN CO.,LTD.	0112
45590	ZERIA PHARMACEUTICAL CO.,LTD.	0111
45630	AnGes,Inc.	0113
45640	OncoTherapy Science,Inc.	0113
45650	Nxera Pharma Co.,Ltd.	0111
45680	DAIICHI SANKYO COMPANY,LIMITED	0111
45690	KYORIN Pharmaceutical Co.,Ltd.	0111
45700	Immuno-Biological Laboratories Co.,Ltd.	0113
45710	NANO MRNA Co.,Ltd.	0113
45720	Carna Biosciences,Inc.	0113
45740	TAIKO PHARMACEUTICAL CO.,LTD.	0111
45750	CanBas Co.,Ltd.	0113
45760	D.Western Therapeutics Institute, Inc.	0113
45770	Daito Pharmaceutical Co.,Ltd.	0111
45780	Otsuka Holdings Co.,Ltd.	0111
45790	RaQualia Pharma Inc.	0113
45820	SymBio Pharmaceuticals Limited	0113
45830	Chiome Bioscience Inc.	0113
45840	Kidswell Bio Corporation	0113
45860	Medrx Co.,Ltd.	0113
45870	PeptiDream Inc.	0111
45880	Oncolys BioPharma Inc.	0113
45910	RIBOMIC Inc.	0113
45920	SanBio Company Limited	0113
45930	HEALIOS K.K.	0113
45940	BrightPath Biotherapeutics Co.,Ltd.	0113
45950	MIZUHO MEDY CO.,LTD.	0112
45960	Kubota Pharmaceutical Holdings Co.,Ltd.	0113
45970	Solasia Pharma K.K.	0113
45980	Delta-Fly Pharma,Inc.	0113
45990	StemRIM Inc.	0113
46110	Dai Nippon Toryo Company,Limited	0111
46120	NIPPON PAINT HOLDINGS CO.,LTD.	0111
46130	KANSAI PAINT CO.,LTD.	0111
46150	SHINTO PAINT COMPANY,LIMITED	0112
46160	KAWAKAMI PAINT MANUFACTURING CO.,LTD.	0112
46170	Chugoku Marine Paints,Ltd.	0111
46190	Nihon Tokushu Toryo Co.,Ltd.	0112
46200	FUJIKURA KASEI CO.,LTD.	0112
46230	ASAHIPEN CORPORATION	0112
46240	Isamu Paint Co.,Ltd.	0112
46250	ATOMIX CO.,LTD.	0112
46260	TAIYO HOLDINGS CO.,LTD.	0111
46270	NATOCO CO.,LTD.	0112
46280	SK KAKEN CO.,LTD.	0112
46290	DAISHIN CHEMICAL CO.,LTD.	0112
46310	DIC Corporation	0111
46330	SAKATA INX CORPORATION	0111
46340	artience Co.,Ltd.	0111
46350	TOKYO PRINTING INK MFG.CO.,LTD.	0112
46410	Altech Corporation	0111
46420	ORIGINAL ENGINEERING CONSULTANTS CO.,LTD.	0112
46440	Imagineer Co.,Ltd.	0112
46450	ICHISHIN HOLDINGS CO.,LTD.	0112
46500	SD ENTERTAINMENT,Inc.	0112
46510	SANIX HOLDINGS INCORPORATED	0112
46570	ENVIRONMENTAL CONTROL CENTER CO.,LTD.	0112
46580	Nippon Air Conditioning Services Co.,Ltd.	0111
46590	AJIS CO.,LTD.	0112
46610	ORIENTAL LAND CO.,LTD.	0111
46620	Focus Systems Corporation	0111
46640	JAPAN RELIANCE SERVICE CORPORATION	0112
46650	DUSKIN CO.,LTD.	0111
46660	PARK24 Co.,Ltd.	0111
46670	AISAN TECHNOLOGY CO.,LTD.	0112
46680	MEIKO NETWORK JAPAN CO.,LTD.	0111
46710	FALCO HOLDINGS Co.,Ltd.	0112
46730	Kawasaki Geological Engineering Co.,Ltd.	0112
46740	CRESCO LTD.	0111
46760	FUJI MEDIA HOLDINGS,INC.	0111
46780	SHUEI YOBIKO Co.,Ltd.	0112
46790	TAYA Co.,Ltd.	0112
46800	ROUND ONE Corporation	0111
46810	RESORTTRUST,INC.	0111
46840	OBIC Co.,Ltd.	0111
46850	Ryoyu Systems Co.,Ltd.	0112
46860	JUSTSYSTEMS CORPORATION	0111
46870	TDC SOFT Inc.	0111
46890	LY Corporation	0111
46900	NIPPON PALLET POOL CO.,LTD.	0112
46910	WASHINGTON HOTEL CORPORATION	0112
46940	BML,INC.	0111
47040	Trend Micro Incorporated	0111
47050	CLIP Corporation	0112
47070	KITAC CORPORATION	0112
47090	ID Holdings Corporation	0111
47120	KeyHolder,Inc.	0112
47140	RISO KYOIKU CO.,LTD.	0111
47160	ORACLE CORPORATION JAPAN	0112
47180	WASEDA ACADEMY CO.,LTD.	0111
47190	ALPHA SYSTEMS INC.	0111
47200	JOHNAN ACADEMIC PREPARATORY INSTITUTE,INC.	0112
47220	Future Corporation	0111
47250	CAC Holdings Corporation	0111
47280	TOSE CO.,LTD.	0112
47320	USS Co.,Ltd.	0111
47330	OBIC BUSINESS CONSULTANTS CO.,LTD.	0111
47350	KYOSHIN CO.,LTD.	0112
47360	Nippon RAD Inc.	0112
47430	ITFOR Inc.	0111
47450	Tokyo Individualized Educational Institute,INC.	0112
47460	Toukei Computer Co.,Ltd.	0112
47500	DAISAN CO.,LTD.	0112
47510	CyberAgent,Inc.	0111
47520	SHOWA SYSTEM ENGINEERING CORPORATION	0112
47540	TOSNET CORPORATION	0112
47550	Rakuten Group,Inc.	0111
47600	ALPHA CO.,LTD.	0112
47610	SAKURA KCS Corporation	0112
47620	XNET Corporation	0112
47630	CREEK & RIVER Co.,Ltd.	0111
47650	SBI Global Asset Management Co.,Ltd.	0111
47660	PA Co.,Ltd.	0112
47670	TOW CO.,LTD.	0112
47680	OTSUKA CORPORATION	0111
47690	IC CO.,LTD.	0112
47710	F&M CO.,LTD.	0112
47720	SM ENTERTAINMENT JAPAN Co.,Ltd.	0113
47760	Cybozu,Inc.	0111
47770	GALA INCORPORATED	0112
47830	NCD Co.,Ltd.	0112
47840	GMO internet,Inc.	0111
47920	YAMADA Consulting Group Co.,Ltd.	0111
48000	Oricon Inc.	0112
48010	CENTRAL SPORTS CO.,LTD.	0111
48090	Paraca Inc.	0111
48110	DreamArts Corporation	0113
48120	DENTSU SOKEN INC.	0111
48130	ACCESS CO.,LTD.	0111
48140	Nextware Ltd.	0112
48160	TOEI ANIMATION CO.,LTD.	0112
48190	Digital Garage,Inc.	0111
48200	EM SYSTEMS CO.,LTD.	0111
48250	WEATHERNEWS INC.	0111
48260	Computer Institute of Japan, Ltd.	0111
48280	Business Engineering Corporation	0111
48290	Nihon Enterprise Co.,Ltd.	0112
48320	JFE Systems, Inc.	0112
48330	Def consulting,inc.	0113
48380	SPACE SHOWER SKIYAKI HOLDINGS INC.	0112
48390	WOWOW INC.	0111
48400	TriIs Incorporated	0113
48450	Scala,Inc.	0111
48470	INTELLIGENT WAVE INC.	0111
48480	FULLCAST HOLDINGS CO.,LTD.	0111
48490	en Japan Inc.	0111
48750	MediciNova,Inc.	0112
48800	CellSource Co.,Ltd.	0111
48810	FunPep Company Limited	0113
48820	Perseus Proteomics Inc.	0113
48830	Modalis Therapeutics Corporation	0113
48840	Kringle Pharma,Inc.	0113
48850	MUROMACHI CHEMICALS INC.	0112
48860	ASKA Pharmaceutical Holdings Co.,Ltd.	0111
48870	SAWAI GROUP HOLDINGS Co.,Ltd.	0111
48880	STELLA PHARMA CORPORATION	0113
48890	Renascience Inc.	0113
48900	Tsubota Laboratory Incorporated	0113
48910	TMS Co.,Ltd.	0113
48920	Cyfuse Biomedical K.K.	0113
48930	Noile-Immune Biotech Inc.	0113
48940	Cuorips Inc.	0113
48960	K Pharma,Inc.	0113
49010	FUJIFILM Holdings Corporation	0111
49020	KONICA MINOLTA,INC.	0111
49110	Shiseido Company,Limited	0111
49120	Lion Corporation	0111
49140	TAKASAGO INTERNATIONAL CORPORATION	0111
49170	MANDOM CORPORATION	0111
49180	IVY COSMETICS CORPORATION	0112
49190	Milbon Co.,Ltd.	0111
49200	Nippon Shikizai,Inc.	0112
49220	KOSE Corporation	0111
49230	COTA CO.,LTD.	0111
49250	HABA LABORATORIES,INC.	0112
49260	C'BON COSMETICS Co.,Ltd.	0112
49270	POLA ORBIS HOLDINGS INC.	0111
49280	Noevir Holdings Co.,Ltd.	0111
49290	ADJUVANT HOLDINGS CO.,LTD.	0112
49310	Shinnihonseiyaku Co.,Ltd.	0111
49320	ALMADO,INC.	0112
49330	I-ne CO.,LTD.	0111
49340	Premier Anti-Aging Co.,Ltd.	0113
49350	LIBERTA CO.,LTD.	0112
49360	AXXZIA Inc.	0111
49370	Waqoo Inc.	0113
49510	S.T.CORPORATION	0111
49560	KONISHI CO.,LTD.	0111
49570	YASUHARA CHEMICAL CO.,LTD.	0112
49580	T.HASEGAWA CO.,LTD.	0111
49600	CHEMIPRO KASEI KAISHA,LTD.	0112
49660	C.Uyemura & Co.,Ltd.	0112
49670	KOBAYASHI PHARMACEUTICAL CO.,LTD.	0111
49680	ARAKAWA CHEMICAL INDUSTRIES,LTD.	0111
49700	Toyo Gosei Co.,Ltd.	0112
49710	MEC COMPANY LTD.	0111
49720	Soken Chemical & Engineering Co.,Ltd.	0112
49730	JAPAN PURE CHEMICAL CO.,LTD.	0111
49740	TAKARA BIO INC.	0111
49750	JCU CORPORATION	0111
49760	TOYO DRILUBE CO.,LTD.	0112
49770	Nitta Gelatin Inc.	0112
49780	ReproCELL Incorporated	0113
49790	OAT Agrio Co.,Ltd.	0112
49800	Dexerials Corporation	0111
49850	Earth Corporation	0111
49900	Showa Chemical Industry Co.,Ltd.	0112
49920	HOKKO CHEMICAL INDUSTRY CO.,LTD.	0112
49940	Taisei Lamick Group Head Quarter & Innovation Co.,Ltd.	0112
49960	KUMIAI CHEMICAL INDUSTRY CO.,LTD.	0111
49970	NIHON NOHYAKU CO.,LTD.	0111
49980	FUMAKILLA LIMITED	0112
50090	FUJI KOSAN COMPANY,LTD.	0112
50100	NIPPON SEIRO CO.,LTD.	0112
50110	NICHIREKI GROUP CO.,LTD.	0111
50130	Yushiro Inc.	0112
50150	BP Castrol K.K.	0112
50160	JX Advanced Metals Corporation	0111
50170	Fuji Oil Company,Ltd.	0111
50180	MORESCO Corporation	0112
50190	Idemitsu Kosan Co.,Ltd.	0111
50200	ENEOS Holdings,Inc.	0111
50210	COSMO ENERGY HOLDINGS COMPANY,LIMITED	0111
50220	REVO International Inc.	0105
50250	MERCURY Inc.	0113
50260	TRIPLEIZE CO.,LTD.	0113
50270	AnyMind Group Inc.	0113
50280	SecondXight Analytica,Inc.	0113
50290	circlace Inc	0113
50310	Moi Corporation	0113
50320	ANYCOLOR Inc.	0111
50330	Nulab Inc.	0113
50340	unerry,Inc.	0113
50350	HOUSEI Inc.	0113
50360	Japan Business Systems,Inc.	0112
50370	Fitworks Co.,Ltd.	0105
50380	eWeLL Co.,Ltd.	0113
50700	DRAFT Inc.	0113
50710	VIS co.ltd.	0112
50720	ART FORCE JAPAN Co.,Ltd.	0105
50740	TESS Holdings Co.,Ltd.	0111
50760	INFRONEER Holdings Inc.	0111
50765	INFRONEER Holdings Inc. (shares of preferred stock)	0111
50770	Hands Co.,Ltd.	0105
50780	CEL Corporation	0112
50790	NOVAC CO.,LTD.	0112
51010	The Yokohama Rubber Company,Limited	0111
51030	Showa Holdings Co.,Ltd.	0112
51050	Toyo Tire Corporation	0111
51080	BRIDGESTONE CORPORATION	0111
51100	Sumitomo Rubber Industries,Ltd.	0111
51210	FUJIKURA COMPOSITES Inc.	0111
51220	OKAMOTO INDUSTRIES,INC.	0111
51250	Fines inc.	0113
51260	PORTERS CORPORATION	0113
51290	FIXER Inc.	0113
51300	HiroHoldings Co.,ltd.	0105
51310	Linkers Corporation	0113
51320	pluszero,Inc.	0113
51330	Terilogy Holdings Corporation	0112
51340	POPER Co.,Ltd.	0113
51350	AIR-U LTD.	0105
51360	tripla Co.,Ltd.	0113
51370	SmartDrive inc.	0113
51380	Rebase,Inc.	0113
51390	OpenWork Inc.	0113
51420	Achilles Corporation	0111
51610	NISHIKAWA RUBBER CO.,LTD.	0112
51620	ASAHI RUBBER INC.	0112
51840	NICHIRIN CO.,LTD.	0112
51850	Fukoku Co.,Ltd.	0111
51860	Nitta Corporation	0111
51870	CREATE MEDIC CO.,LTD.	0112
51890	SAKURA RUBBER CO.,LTD.	0112
51910	Sumitomo Riko Company Limited	0111
51920	Mitsuboshi Belting Ltd.	0111
51940	SAGAMI RUBBER INDUSTRIES CO.,LTD.	0112
51950	Bando Chemical Industries,Ltd.	0111
51990	FUJI LATEX CO.,LTD.	0112
52010	AGC Inc.	0111
52020	Nippon Sheet Glass Company,Limited	0111
52040	ISHIZUKA GLASS CO.,LTD.	0112
52080	Arisawa Mfg.Co.,Ltd.	0111
52100	Nihon Yamamura Glass Co.,Ltd.	0112
52140	Nippon Electric Glass Co.,Ltd.	0111
52160	KURAMOTO CO.,LTD.	0112
52180	OHARA INC.	0112
52320	Sumitomo Osaka Cement Co.,Ltd.	0111
52330	TAIHEIYO CEMENT CORPORATION	0111
52370	NOZAWA CORPORATION	0112
52400	monoAI technology Co.,Ltd.	0113
52420	EYEZ,INC.	0113
52430	note inc.	0113
52440	jig.jp co.,ltd.	0113
52460	ELEMENTS,Inc.	0113
52470	BTM,Inc.	0113
52480	TECHNOLOGIES,Inc.	0113
52490	Asakawa Systems Co.,Ltd.	0105
52500	PRIME STRATEGY CO.,LTD.	0112
52510	WISS1 Co.,Ltd.	0105
52520	Nihon Knowledge Co,Ltd.	0113
52530	COVER Corporation	0113
52540	Arent Inc.	0113
52550	Monstarlab Inc.	0113
52560	Fusic Co.,Ltd.	0113
52570	NOVA SYSTEM CO.,LTD.	0112
52580	Transaction Media Networks Inc.	0113
52590	BBD Initiative Inc.	0113
52610	RESOL HOLDINGS Co.,Ltd.	0111
52620	Nippon Hume Corporation	0111
52680	ASAHI CONCRETE WORKS CO.,LTD.	0112
52690	NIPPON CONCRETE INDUSTRIES CO.,LTD.	0111
52710	TOYO ASANO FOUNDATION CO.,LTD.	0112
52730	MITANI SEKISAN CO.,LTD.	0112
52790	NIHON KOGYO CO.,LTD.	0112
52800	Yoshicon Co.,Ltd.	0112
52820	GEOSTR Corporation	0112
52830	TAKAMISAWA CO.,LTD.	0112
52840	YAMAU HOLDINGS CO.,LTD.	0112
52850	YAMAX Corp.	0112
52870	ITO YOGYO CO.,LTD.	0112
52880	ASIA PILE HOLDINGS CORPORATION	0111
52900	Vertex Corporation	0112
53010	TOKAI CARBON CO.,LTD.	0111
53020	Nippon Carbon Co.,Ltd.	0111
53040	SEC CARBON,LIMITED	0112
53100	TOYO TANSO CO.,LTD.	0111
53310	NORITAKE CO.,LIMITED	0111
53320	TOTO LTD.	0111
53330	NGK INSULATORS,LTD.	0111
53340	Niterra Co.,Ltd.	0111
53370	DANTO HOLDINGS CORPORATION	0112
53410	ASAHI EITO HOLDINGS CO.,LTD.	0112
53440	MARUWA CO.,LTD.	0111
53510	SHINAGAWA REFRACTORIES CO.,LTD.	0111
53520	KROSAKI HARIMA CORPORATION	0111
53550	Nippon Crucible Co.,Ltd.	0112
53560	MINO CERAMIC CO.,LTD.	0112
53570	YOTAI REFRACTORIES CO.,LTD.	0111
53630	TYK CORPORATION	0112
53670	NIKKATO CORPORATION	0112
53680	JAPAN INSULATION CO.,LTD.	0112
53800	SHINTO COMPANY LIMITED	0112
53810	Mipox Corporation	0112
53840	FUJIMI INCORPORATED	0111
53860	TSURUYA CO.,LTD.	0112
53880	KUNIMINE INDUSTRIES CO.,LTD.	0112
53910	A&A Material Corporation	0112
53930	NICHIAS CORPORATION	0111
54010	NIPPON STEEL CORPORATION	0111
54060	Kobe Steel,Ltd.	0111
54080	NAKAYAMA STEEL WORKS,LTD.	0111
54100	Godo Steel,Ltd.	0111
54110	JFE Holdings,Inc.	0111
54230	TOKYO STEEL MANUFACTURING CO.,LTD.	0111
54400	KYOEI STEEL LTD.	0111
54440	YAMATO KOGYO CO.,LTD.	0111
54450	TOKYO TEKKO CO.,LTD.	0111
54460	HOKUETSU METAL Co.,Ltd.	0112
54490	OSAKA STEEL CO.,LTD.	0112
54510	Yodogawa Steel Works,Ltd.	0111
54580	TAKASAGO TEKKO K.K.	0112
54610	Chubu Steel Plate Co.,Ltd.	0111
54630	Maruichi Steel Tube Ltd.	0111
54640	MORY INDUSTRIES INC.	0112
54710	Daido Steel Co.,Ltd.	0111
54760	Nippon Koshuha Steel Co.,Ltd.	0112
54800	Nippon Yakin kogyo Co.,Ltd.	0111
54820	AICHI STEEL CORPORATION	0111
54840	Tohoku Steel Co.,Ltd.	0112
54910	NIPPON KINZOKU CO.,LTD.	0112
55250	Frontier Holdings Co.,Ltd.	0105
55270	property technologies Inc.	0113
55280	Frontier House Co.,Ltd.	0105
55310	NAKAYAMA FUDOUSAN Co.,Ltd.	0105
55320	REALGATE INC.	0113
55330	Elitz Holdings Co.,Ltd.	0112
55340	Angel Group Inc.	0105
55350	MIGALO HOLDINGS Inc.	0111
55360	Kyobashi Art Residence Co.,Ltd.	0105
55370	AlbaLink Co.,Ltd.	0105
55410	PACIFIC METALS CO.,LTD.	0111
55420	Shinhokoku Material Corp.	0112
55630	Nippon Denko Co.,Ltd.	0111
55700	JENOBA CO.,LTD.	0113
55710	Excite Holdings Co.,Ltd.	0112
55720	Ridge-i Inc.	0113
55730	Doraku Holdings Co.,Ltd.	0105
55740	ABEJA,Inc.	0113
55750	Globee Inc.	0113
55760	O.B.System Inc.	0112
55770	Aidemy Inc.	0113
55780	AR advanced technology,Inc.	0113
55800	Prodelight Co.,Ltd.	0113
55810	Chi-technology Co.,Ltd.	0105
55820	GRID Inc.	0113
55840	Strawberry jams Co.,Ltd.	0105
55860	Laboro.AI Inc.	0113
55870	Inbound Platform Corp.	0113
55880	Fast Accounting Co.,Ltd.	0113
55890	AUTOSERVER CO.,LTD.	0112
55900	NETSTARS Co.,Ltd.	0113
55910	AVILEN Inc.	0113
55920	Kusurinomadoguchi,Inc.	0113
55940	M.D.B Corporation	0105
55950	Institute for Q-shu Pioneers of Space,Inc.	0113
55960	OutlookConsulting Co.,Ltd.	0113
55970	Blue innovation Co.,Ltd.	0113
55980	Yottavias Co.,Ltd.	0105
55990	S&J Corporation	0113
56020	Kurimoto,Ltd.	0111
56030	KOGI CORPORATION	0112
56090	NIPPON CHUZO K.K.	0112
56120	NIPPON CHUTETSUKAN K.K.	0112
56160	Ame Kaze Taiyo,Inc.	0113
56170	WiLLDo Inc.	0105
56180	Nyle Inc.	0113
56190	MRSO.,Inc	0113
56200	SPO Entertainment Inc.	0105
56210	Human Technologies,Inc.	0113
56220	OneBe,Inc.	0105
56310	The Japan Steel Works,Ltd.	0111
56320	Mitsubishi Steel Mfg.Co.,Ltd.	0111
56440	METALART CORPORATION	0112
56580	NICHIA STEEL WORKS,LTD.	0112
56590	Nippon Seisen Co.,Ltd.	0111
56600	KOBELCO WIRE COMPANY,LTD.	0112
56950	Powdertech Co.,Ltd.	0112
56970	SANYU CO.,LTD.	0112
56980	ENVIPRO HOLDINGS Inc.	0111
56990	IBOKIN Co.,Ltd.	0112
57020	DAIKI ALUMINIUM INDUSTRY CO.,LTD.	0111
57030	Nippon Light Metal Holdings Company,Ltd.	0111
57040	JMC Corporation	0113
57060	Mitsui Mining and Smelting Company,Limited	0111
57070	Toho Zinc Co.,Ltd.	0111
57110	Mitsubishi Materials Corporation	0111
57130	Sumitomo Metal Mining Co.,Ltd.	0111
57140	DOWA HOLDINGS CO.,LTD.	0111
57150	FURUKAWA CO.,LTD.	0111
57210	S・Science Company,Ltd.	0112
57240	Asaka Riken Co.,Ltd.	0112
57260	OSAKA Titanium technologies Co.,Ltd.	0111
57270	TOHO TITANIUM COMPANY,LIMITED	0111
57290	NIHON SEIKO CO.,LTD	0112
57410	UACJ Corporation	0111
57420	NIC Autotec,Inc.	0112
57530	NIPPON SHINDO CO.,LTD.	0112
57570	CK SAN-ETSU Co.,Ltd.	0111
58010	Furukawa Electric Co.,Ltd.	0111
58020	Sumitomo Electric Industries,Ltd.	0111
58030	Fujikura Ltd.	0111
58050	SWCC Corporation	0111
58160	Onamba Co.,Ltd.	0112
58170	JMACS Japan Co.,Ltd.	0112
58190	Canare Electric Co.,Ltd.	0112
58200	MITSUBOSHI CO.,LTD.	0112
58210	HIRAKAWA HEWTECH CORP.	0111
58300	Iyogin Holdings,Inc.	0111
58310	Shizuoka Financial Group,Inc.	0111
58320	Chugin Financial Group,Inc.	0111
58340	SBI Leasing Services Co.,Ltd.	0113
58380	Rakuten Bank,Ltd.	0111
58400	Nippon Souken Co.,Ltd.	0105
58420	Integral Corporation	0113
58430	Nippon Insure Co.,Ltd.	0112
58440	Kyoto Financial Group,Inc.	0111
58450	ZENHOREN CO.,LTD.	0112
58510	RYOBI LIMITED	0111
58520	AHRESTY CORPORATION	0111
58560	Life Intelligent Enterprise Holdings Co.,Ltd.	0112
58570	ARE Holdings,Inc.	0111
58580	STG CO.,LTD.	0113
58660	WizBiz Inc.	0105
58670	ES NETWORKS CO.,LTD.	0113
58680	Rococo Co.Ltd.	0112
58690	WASEDA GAKUSHUKENKYUKAI CO.,LTD.	0112
58700	Nalnet Communications Inc.	0113
58710	SOLIZE Holdings Corporation	0112
58810	Sun Feste Corporation	0105
58830	GT Holdings Co.,Ltd.	0105
58840	KURADASHI.Co.,Ltd.	0113
58850	GDEP ADVANCE,Inc.	0112
58860	OOKABE GLASS CO.,LTD.	0105
58870	Kokyo,Inc.	0105
58880	DAIWA CYCLE CO.,LTD.	0113
58890	Japan Eyewear Holdings Co.,Ltd.	0112
58900	OFFICEBUSTERS CORPORATION	0105
58910	Kairikiya Co.,Ltd.	0112
58920	yutori,Inc.	0113
58930	RAVIPA Ltd.	0105
59000	DAIKEN CO.,LTD.	0112
59010	Toyo Seikan Group Holdings,Ltd.	0111
59020	HOKKAN HOLDINGS LIMITED	0111
59030	SHINPO CO.,LTD.	0112
59050	NIHON SEIKAN K.K.	0112
59060	MK SEIKO CO.,LTD.	0112
59090	CORONA CORPORATION	0112
59110	Yokogawa Bridge Holdings Corp.	0111
59150	KOMAIHALTEC Inc.	0112
59180	The Takigami Steel Construction Co.,Ltd.	0112
59210	Kawagishi Bridge Works Co.,Ltd.	0112
59220	NASU DENKI-TEKKO CO.,LTD.	0112
59230	TAKADAKIKO(Steel Construction)CO.,LTD.	0112
59280	ALMETAX MANUFACTURING CO,LTD.	0112
59290	Sanwa Holdings Corporation	0111
59300	Bunka Shutter Co.,Ltd.	0111
59320	Sankyo Tateyama,Inc.	0111
59330	ALINCO INCORPORATED	0111
59360	TOYO SHUTTER CO.,LTD.	0112
59380	LIXIL Corporation	0111
59390	OTANI KOGYO CO.,LTD.	0112
59400	FUJISASH CO.,LTD.	0112
59410	NAKANISHI MFG. CO.,LTD.	0112
59420	NIPPON FILCON CO.,LTD.	0112
59430	NORITZ CORPORATION	0111
59450	Tenryu Saw Mfg.Co.,Ltd.	0112
59460	CHOFU SEISAKUSHO CO.,LTD.	0111
59470	RINNAI CORPORATION	0111
59490	UNIPRES CORPORATION	0111
59500	JAPAN POWER FASTENING CO.,LTD.	0112
59510	Dainichi Co.,Ltd.	0112
59520	Amatei Incorporated	0112
59550	WISE HOLDINGS CO.,LTD.	0112
59560	TOSO CO.,LTD.	0112
59570	NITTOSEIKO CO.,LTD.	0111
59580	SANYO INDUSTRIES,LTD.	0112
59590	OKABE CO.,LTD.	0111
59620	ASAKA INDUSTRIAL CO.,LTD.	0112
59650	FUJIMAK CORPORATION	0112
59660	KYOTO TOOL CO.,LTD.	0112
59670	TONE CO.,LTD.	0112
59690	LOBTEX Co.,Ltd.	0112
59700	G-TEKT CORPORATION	0111
59710	KYOWAKOGYOSYO CO.,LTD.	0112
59730	TOAMI CORPORATION	0112
59740	CHUGOKUKOGYO CO.,LTD.	0112
59750	Topre Corporation	0111
59760	Neturen Co.,Ltd.	0111
59810	TOKYO ROPE MFG.CO.,LTD	0111
59820	MARUZEN CO.,LTD.	0112
59830	IWABUCHI CORPORATION	0112
59840	KANEFUSA CORPORATION	0112
59850	SUNCALL CORPORATION	0112
59860	MOLITEC STEEL CO.,LTD.	0112
59870	ONEX Corporation	0112
59880	PIOLAX,INC.	0111
59890	H-ONE CO.,LTD.	0111
59900	SUPER TOOL CO.,LTD.	0112
59910	NHK SPRING CO.,LTD.	0111
59920	CHUO SPRING CO.,LTD.	0112
59940	FINE SINTER CO.,LTD.	0112
59970	KYORITSU AIR TECH INC.	0112
59980	Advanex Inc.	0112
60050	MIURA CO.,LTD.	0111
60130	TAKUMA CO.,LTD.	0111
60160	Japan Engine Corporation	0112
60180	THE HANSHIN DIESEL WORKS,LTD.	0112
60220	Akasaka Diesels Ltd.	0112
60230	DAIHATSU INFINEARTH MFG.CO.,LTD.	0112
60260	GMO TECH,Inc.	0113
60270	Bengo4.com,Inc.	0113
60280	TechnoPro Holdings,Inc.	0111
60290	Artra Group Corporation	0112
60300	Adventure,Inc.	0113
60310	ZETA INC.	0113
60330	EXTREME CO.,LTD.	0113
60340	MRT Inc.	0113
60350	IR Japan Holdings,Ltd.	0111
60360	KeePer Technical Laboratory Co.,Ltd.	0111
60370	RAKUMACHI,INC.	0112
60380	IID,Inc.	0113
60390	Japan Animal Referral Medical Center Co.,Ltd.	0113
60400	Nippon Ski Resort Development Co.,Ltd.	0113
60420	NIKKI CO.,LTD.	0112
60440	SANKI SERVICE CORPORATION	0112
60450	Rentracks CO.,LTD.	0113
60460	LINKBAL INC.	0113
60470	Gunosy Inc.	0111
60480	DesignOne Japan,Inc.	0112
60490	ItoKuro Inc.	0113
60500	E-Guardian Inc.	0111
60540	Livesense Inc.	0112
60550	JAPAN MATERIAL Co.,Ltd.	0111
60580	VECTOR INC.	0111
60590	UCHIYAMA HOLDINGS Co.,Ltd.	0112
60600	Cocolonet CO., LTD.	0112
60610	UNIVERSAL ENGEISHA CO.,LTD	0112
60620	CHARM CARE CORPORATION	0111
60630	Emergency Assistance Japan Co., Ltd.	0112
60690	Trenders,Inc.	0113
60700	CAREERLINK CO.,LTD.	0111
60710	IBJ,Inc.	0111
60720	Jibannet Holdings Co.,Ltd.	0113
60730	ASANTE INCORPORATED	0111
60740	JSS CORPORATION	0112
60780	Value HR Co.,Ltd.	0111
60800	M&A Capital Partners Co.,Ltd.	0111
60810	Allied Architects,Inc.	0113
60820	RIDE ON EXPRESS HOLDINGS Co.,Ltd.	0112
60830	ERI HOLDINGS CO.,LTD.	0112
60850	ARCHITECTS STUDIO JAPAN INC.	0113
60860	Shin Maint Holdings Co.,Ltd.	0113
60870	ABIST Co.,Ltd.	0112
60880	SIGMAXYZ Holdings Inc.	0111
60890	WILL GROUP,INC.	0111
60900	Human Metabolome Technologies,Inc.	0112
60910	Wesco Holdings Inc.	0112
60920	EnBio Holdings,Inc	0112
60930	Escrow Agent Japan,Inc.	0112
60940	FreakOut Holdings,inc.	0113
60950	MedPeer,Inc.	0111
60960	RareJob,Inc.	0112
60980	Recruit Holdings Co.,Ltd.	0111
60990	ELAN Corporation	0111
61010	TSUGAMI CORPORATION	0111
61030	OKUMA Corporation	0111
61040	SHIBAURA MACHINE CO.,LTD.	0111
61130	AMADA CO.,LTD.	0111
61180	AIDA ENGINEERING,LTD.	0111
61250	OKAMOTO MACHINE TOOL WORKS,LTD.	0112
61340	FUJI CORPORATION	0111
61350	Makino Milling Machine Co.,Ltd.	0111
61360	OSG Corporation	0111
61370	KOIKE SANSO KOGYO CO.,LTD.	0112
61380	DIJET INDUSTRIAL CO.,LTD.	0112
61400	Asahi Diamond Industrial Co.,Ltd.	0111
61410	DMG MORI CO.,LTD.	0111
61430	Sodick Co.,Ltd.	0111
61440	Seibu Electric & Machinery Co.,Ltd.	0112
61450	NITTOKU CO.,LTD.	0112
61460	DISCO CORPORATION	0111
61470	YAMAZAKI CO.,LTD.	0112
61490	Odawara Engineering Co.,Ltd.	0112
61500	TAKEDA MACHINERY CO.,LTD.	0112
61510	NITTO KOHKI CO.,LTD.	0111
61550	TAKAMATSU MACHINERY CO.,LTD.	0112
61560	A-ONE SEIMITSU INC.	0112
61570	NS TOOL CO.,LTD.	0111
61580	WAIDA MFG.CO.,LTD.	0112
61590	MICRON MACHINERY CO.,LTD.	0112
61610	ESTIC CORPORATION	0112
61650	PUNCH INDUSTRY CO.,LTD.	0112
61660	NAKAMURA CHOUKOU CO.,LTD.	0113
61670	Fuji Die Co.,Ltd.	0111
61680	ONE GROUP CORP.	0105
61710	C.E.Management Integrated Laboratory Co.Ltd	0112
61730	Aqualine Ltd.	0113
61740	DENTAS CO.,LTD.	0105
61760	Brangista Inc.	0113
61770	AppBank Inc.	0113
61780	JAPAN POST HOLDINGS Co.,Ltd.	0111
61800	GMO Media,Inc.	0113
61810	Tameny Inc.	0113
61820	MetaReal Corporation	0113
61830	BELLSYSTEM24 HOLDINGS,INC.	0111
61840	Kamakura Shinsho,Ltd.	0111
61850	SMN Corporation	0112
61860	ICHIKURA CO.,LTD.	0112
61890	Global Kids Company Corp.	0112
61900	PhoenixBio Co.,Ltd.	0113
61910	AirTrip Corp.	0111
61930	Virtualex Holdings,Inc.	0113
61940	Atrae,Inc.	0111
61950	HOPE,INC.	0113
61960	Strike Company,Limited	0111
61970	Solasto Corporation	0111
61980	CAREER CO.,LTD.	0113
61990	SERAKU Co.,Ltd.	0112
62000	Insource Co.,Ltd.	0111
62010	TOYOTA INDUSTRIES CORPORATION	0111
62030	Howa Machinery,Ltd.	0112
62080	Ishikawa Seisakusho,Ltd.	0112
62090	NPR-RIKEN CORPORATION	0111
62100	TOYO INNOVEX Co.,Ltd.	0112
62170	TSUDAKOMA Corp.	0112
62180	ENSHU Limited	0112
62220	SHIMA SEIKI MFG.,LTD.	0111
62230	Seibu Giken Co.,Ltd.	0112
62240	JRC Co.,Ltd.	0113
62260	Moriya Transportation Engineering and Manufacturing Co.,Ltd.	0112
62270	AIMECHATEC,Ltd.	0112
62280	J.E.T.Co.,LTD.	0112
62290	OKUMURA ENGINEERING corp.	0112
62300	SANEI LTD.	0112
62310	KIMURA KOHKI Co.,Ltd.	0112
62320	ACSL Ltd.	0113
62330	KLASS Corporation	0112
62350	OPTORUN CO.,LTD.	0111
62370	IWAKI CO.,LTD.	0111
62380	FURYU CORPORATION	0111
62390	NAGAOKA INTERNATIONAL CORPORATION	0112
62400	YAMASHIN-FILTER CORP.	0111
62450	HIRANO TECSEED CO.,LTD.	0112
62460	Techno Smart Corp.	0112
62470	HISAKA WORKS,LTD.	0111
62480	Yokota Manufacturing Co., Ltd.	0112
62490	Gamecard-Joyco Holdings,Inc.	0112
62500	YAMABIKO CORPORATION	0111
62540	Nomura Micro Science Co.,Ltd.	0111
62550	NPC Incorporated	0113
62570	FUJISHOJI CO.,LTD.	0112
62580	HIRATA Corporation	0111
62620	PEGASUS CO.,LTD.	0112
62640	Marumae Co.,Ltd.	0111
62650	CONVUM Ltd.	0112
62660	TAZMO CO.,LTD.	0111
62670	GENERAL PACKER CO.,LTD.	0112
62680	Nabtesco Corporation	0111
62690	MODEC,INC.	0111
62720	RHEON AUTOMATIC MACHINERY CO.,LTD.	0111
62730	SMC CORPORATION	0111
62760	SiriusVision CO.,LTD.	0112
62770	HOSOKAWA MICRON CORPORATION	0111
62780	UNION TOOL CO.	0111
62790	ZUIKO CORPORATION	0111
62820	OILES CORPORATION	0111
62840	NISSEI ASB MACHINE CO.,LTD.	0111
62860	SEIKO CORPORATION	0112
62870	SATO CORPORATION	0111
62890	GIKEN LTD.	0111
62910	AIRTECH JAPAN,LTD.	0112
62920	KAWATA MFG. CO.,LTD.	0112
62930	NISSEI PLASTIC INDUSTRIAL CO.,LTD.	0111
62940	OKADA AIYON CORPORATION	0111
62970	KOKEN BORING MACHINE CO.,LTD.	0112
62980	Y.A.C.HOLDINGS CO.,LTD.	0111
63010	KOMATSU LTD.	0111
63020	SUMITOMO HEAVY INDUSTRIES,LTD.	0111
63050	Hitachi Construction Machinery Co.,Ltd.	0111
63060	NIKKO CO.,LTD.	0111
63070	SANSEI CO.,LTD.	0112
63090	TOMOE ENGINEERING CO.,LTD.(TOMOE KOGYO CO.,LTD.)	0111
63100	ISEKI & CO.,LTD.	0111
63120	Freund Corporation	0112
63150	TOWA CORPORATION	0111
63160	MARUYAMA MFG.CO.,INC.	0112
63170	Kitagawa Corporation	0112
63220	TACMINA CORPORATION	0112
63230	RORZE CORPORATION	0111
63240	Harmonic Drive Systems Inc.	0112
63250	TAKAKITA CO.,LTD.	0112
63260	KUBOTA CORPORATION	0111
63270	KITAGAWA SEIKI CO.,LTD.	0112
63280	EBARA JITSUGYO CO.,LTD.	0111
63300	TOYO ENGINEERING CORPORATION	0111
63310	Mitsubishi Kakoki Kaisha,Ltd.	0111
63320	TSUKISHIMA HOLDINGS CO.,LTD.	0111
63330	TEIKOKU ELECTRIC MFG. CO.,LTD.	0111
63340	Meiji Machine Co.,Ltd.	0112
63350	TOKYO KIKAI SEISAKUSHO,LTD.	0112
63360	ISHII HYOKI CO.,LTD.	0112
63370	TESEC Corporation	0112
63380	Takatori Corporation	0112
63390	Sintokogio,Ltd.	0111
63400	SHIBUYA CORPORATION	0111
63420	Taihei Machinery Works,Limited	0112
63430	FREESIA MACROSS CORPORATION	0112
63450	AICHI CORPORATION	0111
63460	KIKUKAWA ENTERPRISE,INC.	0112
63470	PLACO CO.,LTD.	0112
63490	KOMORI CORPORATION	0111
63510	TSURUMI MANUFACTURING CO.,LTD.	0111
63560	NIPPON GEAR CO.,LTD.	0112
63570	Sansei Technologies,Inc.	0112
63580	SAKAI HEAVY INDUSTRIES,LTD.	0111
63600	TOKYO AUTOMATIC MACHINERY WORKS,LTD.	0112
63610	EBARA CORPORATION	0111
63630	Torishima Pump Mfg.Co.,Ltd.	0111
63640	AIRMAN CORPORATION	0111
63650	DMW CORPORATION	0112
63660	Chiyoda Corporation	0112
63670	DAIKIN INDUSTRIES,LTD.	0111
63680	ORGANO CORPORATION	0111
63690	TOYO KANETSU K.K.	0111
63700	Kurita Water Industries Ltd.	0111
63710	TSUBAKIMOTO CHAIN CO.	0111
63730	DAIDO KOGYO CO.,LTD.	0112
63760	NIKKISO CO.,LTD.	0111
63780	KIMURA CHEMICAL PLANTS CO.,LTD.	0112
63790	RAIZNEXT Corporation	0111
63800	ORIENTAL CHAIN MFG. CO.,LTD.	0112
63810	ANEST IWATA Corporation	0111
63820	TRINITY INDUSTRIAL CORPORATION	0112
63830	DAIFUKU CO.,LTD.	0111
63840	SHOWA SHINKU CO.,LTD.	0112
63870	SAMCO INC.	0111
63900	KATO WORKS CO.,LTD.	0111
63910	KAJI TECHNOLOGY CORPORATION	0112
63920	YAMADA CORPORATION	0112
63930	YUKEN KOGYO CO.,LTD.	0112
63950	TADANO LTD.	0111
63960	Unozawa-gumi Iron Works,Limited	0112
64000	FUJI SEIKI CO.,LTD.	0112
64020	KANEMATSU ENGINEERING CO.,LTD.	0112
64030	SUIDO KIKO KAISHA,LTD.	0112
64050	Suzumo Machinery Co.,Ltd.	0112
64060	FUJITEC CO.,LTD.	0111
64070	CKD Corporation	0111
64080	OGURA CLUTCH CO.,LTD.	0112
64110	NAKANO REFRIGERATORS CO.,LTD.	0112
64120	Heiwa Corporation	0111
64130	RISO KAGAKU CORPORATION	0111
64160	KATSURAGAWA ELECTRIC CO.,LTD.	0112
64170	SANKYO CO.,LTD.	0111
64180	JAPAN CASH MACHINE CO.,LTD.	0111
64190	Mars Group Holdings Corporation	0111
64200	GALILEI CO.LTD.	0111
64240	TAKAMISAWA CYBERNETICS COMPANY,LTD.	0112
64250	Universal Entertainment Corporation	0112
64280	OIZUMI Corporation	0112
64300	DAIKOKU DENKI CO.,LTD.	0111
64320	TAKEUCHI MFG.CO.,LTD.	0111
64330	HEPHAIST CO.,LTD.	0112
64360	Amano Corporation	0111
64400	JUKI CORPORATION	0111
64440	SANDEN CORPORATION	0112
64450	JANOME Corporation	0111
64480	BROTHER INDUSTRIES,LTD.	0111
64540	MAX CO.,LTD.	0111
64550	MORITA HOLDINGS CORPORATION	0111
64570	GLORY LTD.	0111
64580	SINKO INDUSTRIES LTD.	0111
64590	DAIWA INDUSTRIES LTD.	0111
64600	SEGA SAMMY HOLDINGS INC.	0111
64630	TPR CO.,LTD.	0111
64640	TSUBAKI NAKASHIMA CO.,LTD.	0111
64650	HOSHIZAKI CORPORATION	0111
64660	TVE Co.,Ltd.	0112
64670	NICHIDAI CORPORATION	0112
64690	HODEN SEIMITSU KAKO KENKYUSHO CO.,LTD.	0112
64700	TAIHO KOGYO CO.,LTD.	0112
64710	NSK Ltd.	0111
64720	NTN CORPORATION	0111
64730	JTEKT Corporation	0111
64740	NACHI-FUJIKOSHI CORP.	0111
64790	MINEBEA MITSUMI Inc.	0111
64800	NIPPON THOMPSON CO.,LTD.	0111
64810	THK CO.,LTD.	0111
64820	Yushin Company	0112
64840	KVK CORPORATION	0112
64850	MAEZAWA KYUSO INDUSTRIES CO.,LTD.	0112
64860	EAGLE INDUSTRY CO.,LTD.	0111
64880	Yoshitake Inc.	0112
64890	Maezawa Industries,Inc.	0112
64900	PILLAR Corporation	0111
64920	OKANO VALVE MFG.CO.LTD.	0112
64930	NITTAN Corporation	0112
64940	NFK HOLDINGS CO.,Ltd	0112
64950	MIYAIRI VALVE MFG.CO.,LTD.	0112
64960	NAKAKITA SEISAKUSHO CO.,LTD.	0112
64970	HAMAI INDUSTRIES LTD	0112
64980	KITZ CORPORATION	0111
65010	Hitachi,Ltd.	0111
65030	Mitsubishi Electric Corporation	0111
65040	FUJI ELECTRIC CO.,LTD.	0111
65050	TOYO DENKI SEIZO K.K.(TOYO ELECTRIC MFG.CO.,LTD.)	0112
65060	YASKAWA Electric Corporation	0111
65070	SINFONIA TECHNOLOGY CO.,LTD.	0111
65080	MEIDENSHA CORPORATION	0111
65130	Origin Company,Limited	0112
65160	SANYO DENKI CO.,LTD.	0111
65170	Denyo Co.,Ltd.	0111
65180	SANSO ELECTRIC CO.,LTD.	0112
65210	OXIDE Corporation	0113
65220	Asterisk Inc.	0113
65230	PHC Holdings Corporation	0111
65240	KOHOKU KOGYO CO.,LTD.	0112
65250	KOKUSAI ELECTRIC CORPORATION	0111
65260	Socionext Inc.	0111
65270	WAKA MANUFACTURING CO.,LTD.	0105
65320	BayCurrent,Inc.	0111
65330	Orchestra Holdings Inc.	0111
65350	i-mobile Co.,Ltd.	0111
65370	WASHHOUSE CO.,LTD.	0113
65380	Disruptors Inc.	0112
65390	MATCHING SERVICE JAPAN CO.,LTD.	0111
65400	SEMBA CORPORATION	0112
65420	Founder's Consultants Holdings Inc.	0112
65430	NISSEN INC.	0112
65440	JAPAN ELEVATOR SERVICE HOLDINGS CO.,LTD.	0111
65450	internet infinity INC.	0113
65460	Fulltech Co.Ltd.	0112
65470	GREENS CO.,LTD.	0112
65480	TABIKOBO Co.Ltd.	0113
65490	DM Solutions Co.,Ltd	0112
65500	Unipos Inc.	0113
65510	TSUNAGU GROUP HOLDINGS Inc.	0112
65520	GameWith,Inc.	0112
65540	SUS Co.,Ltd.	0113
65550	MS&Consulting Co.,Ltd.	0112
65570	AIAI Group Corporation	0113
65580	Cookbiz Co.,Ltd.	0113
65600	LTS,Inc.	0111
65610	HANATOUR JAPAN CO.,LTD.	0113
65620	Geniee,Inc.	0113
65630	Mirai Works Inc.	0113
65640	MIDAC HOLDINGS CO.,LTD.	0111
65650	ABHOTEL CO.,LTD.	0112
65660	KANAME KOGYO CO.,LTD.	0112
65680	KNC Laboratories Co.,Ltd.	0113
65700	Kyowa Corporation	0112
65710	QB Net Holdings Co.,Ltd.	0111
65720	OPEN Group,Inc.	0111
65730	Agile Media Network Inc.	0113
65740	Convano Inc.	0113
65760	Youkosha Co.,Ltd.	0105
65770	Bestone.Com Co.,Ltd	0113
65780	CORREC HOLDINGS Inc.	0112
65790	logly,Inc.	0113
65800	Writeup Co.,Ltd.	0113
65840	Sanoh Industrial Co.,Ltd.	0111
65860	Makita Corporation	0111
65880	TOSHIBA TEC CORPORATION	0111
65900	SHIBAURA MECHATRONICS CORPORATION	0111
65920	MABUCHI MOTOR CO.,LTD.	0111
65940	NIDEC CORPORATION	0111
65960	TSUKUBASEIKO Co.,Ltd.	0105
65970	HPC SYSTEMS Inc.	0113
65990	EBRAINS,INC.	0112
66120	BALMUDA Inc.	0113
66130	QD Laser,Inc.	0113
66140	Shikino High-Tech CO.,LTD.	0112
66150	UMC Electronics Co.,Ltd.	0111
66160	TOREX SEMICONDUCTOR LTD.	0111
66170	TAKAOKA TOKO CO.,LTD.	0111
66190	W-SCOPE Corporation	0111
66200	Miyakoshi Holdings,Inc.	0111
66220	DAIHEN CORPORATION	0111
66250	JALCO Holdings Inc.	0112
66260	SEMITEC Corporation	0112
66270	Tera Probe,Inc.	0112
66290	TECHNO HORIZON CO.,LTD.	0112
66300	YA-MAN LTD.	0111
66320	JVCKENWOOD Corporation	0111
66330	CGS HOLDINGS INC.	0112
66340	NCXX Group Inc.	0112
66350	KK DI-NIKKO ENGINEERING	0112
66370	TERASAKI ELECTRIC CO.,LTD.	0112
66380	MIMAKI ENGINEERING CO.,LTD.	0111
66430	Togami Electric Mfg.Co.,Ltd.	0112
66440	Osaki Electric Co.,Ltd.	0111
66450	OMRON Corporation	0111
66470	MORIO DENKI CO.,LTD.	0112
66480	KAWADEN CORPORATION	0112
66510	NITTO KOGYO CORPORATION	0111
66520	IDEC CORPORATION	0111
66530	SEIKO ELECTRIC CO.,LTD.	0111
66540	FUJI ELECTRIC INDUSTRY CO.,LTD.	0112
66560	inspec Inc.	0112
66580	Shirai Electronics Industrial Co.,Ltd.	0112
66590	MEDIA LINKS CO.,LTD.	0112
66620	Ubiteq,INC.	0112
66630	TAIYO TECHNOLEX CO.,LTD.	0112
66640	OPTOELECTRONICS CO.,LTD.	0112
66660	RIVER ELETEC CORPORATION	0112
66680	ADTEC PLASMA TECHNOLOGY CO.,LTD.	0112
66700	MCJ Co.,Ltd.	0112
66740	GS Yuasa Corporation	0111
66750	SAXA,Inc.	0112
66760	BUFFALO INC.	0112
66770	SK-Electronics CO.,LTD.	0112
66780	Techno Medica Co.,Ltd.	0112
66940	ZOOM CORPORATION	0112
66950	Castrico Co.,Ltd.	0105
66960	TRaaS On Product Inc.	0113
66990	DIAMOND ELECTRIC HOLDINGS Co.,Ltd.	0111
67010	NEC Corporation	0111
67020	Fujitsu Limited	0111
67030	Oki Electric Industry Company,Limited	0111
67060	DKK Co.,Ltd.	0111
67070	Sanken Electric Co.,Ltd.	0111
67180	AIPHONE CO.,LTD.	0111
67210	Wintest Corp.	0112
67230	Renesas Electronics Corporation	0111
67240	SEIKO EPSON CORPORATION	0111
67270	Wacom Co.,Ltd.	0111
67280	ULVAC, Inc.	0111
67300	AXELL CORPORATION	0112
67310	PIXELA CORPORATION	0112
67340	Newtech Co.,Ltd.	0112
67360	SUNCORPORATION	0112
67370	EIZO Corporation	0111
67400	Japan Display Inc.	0111
67410	Nippon Signal Company,Limited	0111
67420	Kyosan Electric Manufacturing Co.,Ltd.	0111
67430	Daido Signal Co.,Ltd.	0112
67440	NOHMI BOSAI LTD.	0111
67450	HOCHIKI CORPORATION	0111
67480	SEIWA ELECTRIC MFG. CO.,LTD.	0112
67500	ELECOM CO.,LTD.	0111
67520	Panasonic Holdings Corporation	0111
67530	Sharp Corporation	0111
67540	ANRITSU CORPORATION	0111
67550	FUJITSU GENERAL LIMITED	0111
67570	OSG CORPORATION CO.,LTD.	0112
67580	SONY GROUP CORPORATION	0111
67620	TDK Corporation	0111
67630	Teikoku Tsushin Kogyo Co.,Ltd.	0111
67680	TAMURA CORPORATION	0111
67690	THine Electronics,Inc.	0112
67700	ALPS ALPINE CO.,LTD.	0111
67710	IKEGAMI TSUSHINKI CO.,LTD.	0112
67720	Tokyo Cosmos Electric Co.,Ltd.	0112
67750	TB GROUP INC.	0112
67760	Tensho Electric Industries Co.,Ltd.	0112
67770	santec Holdings Corporation	0112
67780	Artiza Networks,Inc.	0112
67790	NIHON DEMPA KOGYO CO.,LTD.	0111
67850	SUZUKI CO.,LTD.	0111
67860	RVH Inc.	0112
67870	Meiko Electronics Co.,Ltd.	0111
67880	NIHON TRIM CO.,LTD.	0111
67940	Foster Electric Company,Limited	0111
67970	NAGOYA ELECTRIC WORKS CO.,LTD.	0112
67980	SMK Corporation	0111
68000	YOKOWO CO.,LTD.	0111
68030	TEAC CORPORATION	0112
68040	Hosiden Corporation	0111
68060	HIROSE ELECTRIC CO.,LTD.	0111
68070	Japan Aviation Electronics Industry,Limited	0111
68090	TOA CORPORATION	0111
68100	Maxell,Ltd.	0111
68140	FURUNO ELECTRIC CO.,LTD.	0111
68170	SUMIDA CORPORATION	0111
68190	Izu Shaboten Resort Co.,Ltd	0112
68200	ICOM INCORPORATED	0111
68220	Oi Electric Co.,Ltd.	0112
68230	RION CO.,LTD.	0111
68240	NEW COSMOS ELECTRIC CO.,LTD.	0112
68320	AOI ELECTRONICS CO.,LTD.	0112
68340	SEIKOH GIKEN Co.,Ltd.	0112
68350	ALLIED TELESIS HOLDINGS K.K.	0112
68360	PLAT'HOME CO.,LTD.	0112
68370	KYOSHA CO.,LTD.	0112
68380	TAMAGAWA HOLDINGS CO.,LTD.	0112
68400	AKIBA Holdings Co.,Ltd.	0112
68410	YOKOGAWA ELECTRIC CORPORATION	0111
68440	Shindengen Electric Manufacturing Co.,Ltd.	0111
68450	Azbil Corporation	0111
68480	DKK-TOA CORPORATION	0112
68490	NIHON KOHDEN CORPORATION	0111
68500	Chino Corporation	0111
68530	KYOWA ELECTRONIC INSTRUMENTS CO.,LTD.	0112
68550	JAPAN ELECTRONIC MATERIALS CORPORATION	0112
68560	HORIBA,Ltd.	0111
68570	ADVANTEST CORPORATION	0111
68580	ONO SOKKI Co.,Ltd.	0112
68590	ESPEC CORP.	0111
68610	KEYENCE CORPORATION	0111
68620	MINATO HOLDINGS INC.	0112
68630	NIRECO CORPORATION	0112
68640	NF HOLDINGS CORPORATION	0112
68660	HIOKI E.E.CORPORATION	0111
68670	LEADER ELECTRONICS CORPORATION	0112
68690	SYSMEX CORPORATION	0111
68700	Fenwal Controls of Japan,Ltd.	0112
68710	MICRONICS JAPAN CO.,LTD.	0111
68740	KYORITSU ELECTRIC CORPORATION	0112
68750	MegaChips Corporation	0111
68770	Obara Group Incorporated	0112
68790	IMAGICA GROUP Inc.	0111
68820	Sansha Electric Manufacturing Co.,Ltd.	0112
68880	ACMOS INC.	0112
68900	Ferrotec Corporation	0112
68940	PULSTEC INDUSTRIAL CO.,LTD.	0112
68970	TWINBIRD CORPORATION	0112
68980	TOMITA ELECTRIC CO.,LTD.	0112
68990	ASTI CORPORATION	0112
69010	SAWAFUJI ELECTRIC CO.,LTD.	0112
69020	DENSO CORPORATION	0111
69040	HARADA INDUSTRY CO.,LTD.	0112
69050	COSEL CO.,LTD.	0111
69070	GEOMATEC CO.,LTD.	0112
69080	IRISO ELECTRONICS CO.,LTD.	0111
69120	KIKUSUI HOLDINGS CORPORATION	0112
69140	OPTEX GROUP Company,Limited	0111
69150	CHIYODA INTEGRE CO.,LTD.	0112
69180	AVAL DATA CORPORATION	0112
69190	KEL CORPORATION	0112
69200	Lasertec Corporation	0111
69230	Stanley Electric Co.,Ltd.	0111
69250	USHIO INC.	0111
69260	OKAYA ELECTRIC INDUSTRIES CO.,LTD.	0112
69270	Helios Techno Holding Co.,Ltd.	0112
69280	ENOMOTO Co.,Ltd.	0111
69290	NIPPON CERAMIC CO.,LTD.	0111
69300	NIPPON ANTENNA CO.,LTD.	0112
69320	ENDO Lighting Corporation	0112
69370	The Furukawa Battery Co.,Ltd.	0111
69410	YAMAICHI ELECTRONICS CO.,LTD.	0111
69420	SOPHIA HOLDINGS CO.,LTD.	0112
69430	NKK SWITCHES CO.,LTD.	0112
69460	Nippon Avionics Co.,Ltd.	0112
69470	ZUKEN INC.	0111
69510	JEOL Ltd.	0111
69520	CASIO COMPUTER CO.,LTD.	0111
69540	FANUC CORPORATION	0111
69550	FDK CORPORATION	0112
69570	SHIBAURA ELECTRONICS CO.,LTD.	0112
69580	CMK CORPORATION	0111
69600	FUKUDA DENSHI CO.,LTD.	0112
69610	ENPLAS CORPORATION	0111
69620	DAISHINKU CORP.	0111
69630	ROHM COMPANY LIMITED	0111
69640	SANKO CO.,LTD.	0112
69650	HAMAMATSU PHOTONICS K.K.	0111
69660	Mitsui High-tec,Inc.	0111
69690	MATSUO ELECTRIC CO.,LTD.	0112
69710	KYOCERA CORPORATION	0111
69730	KYOEI SANGYO CO.,LTD.	0112
69760	TAIYO YUDEN CO.,LTD.	0111
69770	JAPAN RESISTOR MFG. CO.,LTD.	0112
69810	Murata Manufacturing Co.,Ltd.	0111
69820	The Lead Co.,Inc.	0112
69860	FUTABA CORPORATION	0111
69880	NITTO DENKO CORPORATION	0111
69890	HOKURIKU ELECTRIC INDUSTRY CO.,LTD.	0112
69930	Daikokuya Holdings Co.,Ltd.	0112
69940	SHIZUKI ELECTRIC COMPANY INC.	0112
69950	TOKAI RIKA CO.,LTD.	0111
69960	NICHICON CORPORATION	0111
69970	NIPPON CHEMI-CON CORPORATION	0111
69980	Nippon Tungsten Co.,Ltd.	0112
69990	KOA CORPORATION	0111
70030	MITSUI E&S Co.,Ltd.	0111
70040	Kanadevia Corporation	0111
70110	Mitsubishi Heavy Industries,Ltd.	0111
70120	Kawasaki Heavy Industries,Ltd.	0111
70130	IHI Corporation	0111
70140	Namura Shipbuilding Co.,Ltd.	0112
70180	Naikai Zosen Corporation	0112
70210	NITCHITSU CO.,LTD.	0112
70220	Sanoyas Holdings Corporation	0112
70300	SPRIX Inc.	0112
70310	Inbound Tech Inc.	0113
70330	Management Solutions Co.,Ltd.	0111
70340	Prored Partners CO.,LTD.	0111
70350	and factory,inc	0112
70360	eMnet Japan.co.ltd.	0113
70370	teno.Holdings Company Limited	0112
70380	Frontier Management Inc.	0111
70390	BRIDGE International Corp.	0113
70400	SUN-LIFE HOLDING CO.,LTD.	0112
70410	CRG HOLDINGS CO.,LTD.	0113
70420	ACCESS GROUP HOLDINGS CO.,LTD.	0112
70430	Alue Co.,Ltd.	0113
70440	PIALA INC.	0112
70460	TDSE Inc.	0113
70470	PORT INC.	0113
70480	VELTRA Corporation	0113
70490	SHIKIGAKU.Co.,Ltd.	0113
70500	FRONTIER INTERNATIONAL INC.	0113
70560	Maruc Co.,Ltd.	0105
70570	New Constructor's Network Co.,Ltd.	0112
70580	Kyoei Security Service Co.,Ltd.	0112
70590	COPRO-HOLDINGS.Co.,Ltd.	0111
70600	geechs inc.	0112
70610	Japan Hospice Holdings Inc.	0113
70620	Fureasu Co.,Ltd.	0113
70630	Birdman Inc.	0113
70640	Howtelevision,Inc.	0113
70650	UPR Corporation	0112
70660	Peers Co.,Ltd.	0113
70670	Branding Technology Inc.	0113
70680	Feedforce Group Inc.	0113
70690	CyberBuzz,Inc.	0113
70710	Amvis Holdings,Inc.	0111
70720	Intimate Merger,Inc.	0113
70730	JAIC Co.,Ltd.	0113
70740	Twenty-four seven Holdings Inc.	0113
70750	QLS Holdings Co.,Ltd	0113
70770	ALiNK Internet,INC.	0113
70780	INCLUSIVE Inc.	0113
70790	WDB coco CO.,LTD.	0113
70800	Sportsfield Co.,Ltd.	0113
70810	Koyou Rentia Co.,Ltd.	0112
70820	Jimoty,Inc.	0113
70830	AHC GROUP INC.	0113
70840	Smile Holdings Inc.	0113
70850	CURVES HOLDINGS Co.,Ltd.	0111
70870	WILLTEC Co.,Ltd.	0112
70880	Forum Engineering Inc.	0111
70890	for Startups,Inc.	0113
70900	Ligua Inc.	0113
70910	Living Platform,Ltd.	0113
70920	Fast Fitness Japan Incorporated	0111
70930	adish Co.,Ltd.	0113
70940	NexTone Inc.	0113
70950	Macbee Planet,Inc.	0111
70960	StemCell Institute	0113
70970	SAKURASAKU PLUS,Co.,Ltd.	0113
70980	Agent Inc.	0105
71020	NIPPON SHARYO,LTD.	0111
71050	Mitsubishi Logisnext Co.,Ltd.	0112
71100	Kurashicom Inc.	0113
71110	INEST,Inc.	0112
71120	CUBE CO.,LTD.	0113
71140	Foodison,Inc.	0113
71150	AlphaPurchase Corporation	0112
71160	DAIWA TSUSHIN Co.,Ltd	0112
71170	Mimona Co.,Ltd	0105
71190	halmek holdings Co.,Ltd.	0113
71200	SHINKO Inc.	0112
71220	THE KINKI SHARYO CO.,LTD.	0112
71260	Global Style Co.,Ltd.	0112
71270	Ikka Holdings Co.,Ltd.	0112
71280	MARUKA FURUSATO Corporation	0111
71290	Miahelsa Holdings Corporation	0112
71300	YAMAE GROUP HOLDINGS CO.,LTD.	0111
71310	NOMURA CORPORATION	0112
71320	FLOBAL CORPORATION	0105
71330	HYUGA PRIMARY CARE Co.,Ltd.	0113
71340	UP GARAGE GROUP Co.,Ltd.	0112
71350	JAPAN CRAFT HOLDINGS CO.,LTD.	0112
71360	Wellbin Group Co.,Ltd.	0105
71370	Grantomato Co.,Ltd.	0105
71380	TORICO Co.,Ltd.	0113
71390	TOKYO KOATSU Co.,Ltd.	0105
71400	Petgo Corporation	0113
71480	Financial Partners Group Co.,Ltd.	0111
71500	THE SHIMANE BANK,LTD.	0112
71570	LIFENET INSURANCE COMPANY	0113
71610	Jimoto Holdings,Inc.	0112
71620	ASTMAX Co.,Ltd.	0112
71630	SBI Sumishin Net Bank,Ltd.	0112
71640	ZENKOKU HOSHO Co.,Ltd.	0111
71670	Mebuki Financial Group,Inc.	0111
71700	CHUOU INTERNATIONAL GROUP CO.,LTD.	0105
71720	Japan Investment Adviser Co.,Ltd.	0111
71730	Tokyo Kiraboshi Financial Group,Inc.	0111
71750	The Imamura Securities Co.,Ltd.	0112
71760	Simplex Financial Holdings Co.,Ltd.	0105
71770	GMO Financial Holdings,Inc.	0112
71800	Kyushu Financial Group,Inc.	0111
71810	JAPAN POST INSURANCE Co.,Ltd.	0111
71820	JAPAN POST BANK Co.,Ltd.	0111
71830	Anshin Guarantor Service Co.,Ltd.	0112
71840	THE FIRST BANK OF TOYAMA,LTD.	0111
71850	Hirose Tusyo Inc.	0112
71860	Concordia Financial Group,Ltd.	0111
71870	J-LEASE CO.,LTD.	0111
71890	Nishi-Nippon Financial Holdings,Inc.	0111
71910	Entrust Inc.	0112
71920	Mortgage Service Japan Limited	0112
71960	Casa Inc.	0112
71980	SBI ARUHI Corporation	0111
71990	Premium Group Co.,Ltd.	0111
72010	NISSAN MOTOR CO.,LTD.	0111
72020	ISUZU MOTORS LIMITED	0111
72030	TOYOTA MOTOR CORPORATION	0111
72050	HINO MOTORS,LTD.	0111
72080	KANEMITSU CORPORATION	0112
72110	MITSUBISHI MOTORS CORPORATION	0111
72120	F-TECH INC.	0112
72130	LECIP HOLDINGS CORPORATION	0112
72140	GMB CORPORATION	0112
72150	FALTEC Co.,Ltd.	0112
72170	TEIN,INC.	0112
72180	TANAKA SEIMITSU KOGYO CO.,LTD.	0112
72190	HKS CO.,LTD.	0112
72200	MUSASHI SEIMITSU INDUSTRY CO.,LTD.	0111
72220	NISSAN SHATAI CO.,LTD.	0112
72240	ShinMaywa Industries,LTD.	0111
72260	KYOKUTO KAIHATSU KOGYO CO.,LTD.	0111
72280	DAYTONA CORPORATION	0112
72290	YUTAKA GIKEN CO.,LTD.	0112
72310	TOPY INDUSTRIES,LIMITED	0111
72350	TOKYO RADIATOR MFG.CO.,LTD.	0112
72360	T.RAD Co., Ltd.	0111
72380	AKEBONO BRAKE INDUSTRY CO.,LTD.	0111
72390	TACHI-S CO.,LTD.	0111
72400	NOK CORPORATION	0111
72410	FUTABA INDUSTRIAL CO.,LTD.	0111
72420	KYB Corporation	0111
72440	ICHIKOH INDUSTRIES,LTD.	0111
72450	DAIDO METAL CO.,LTD.	0111
72460	PRESS KOGYO CO.,LTD.	0111
72470	MIKUNI CORPORATION	0112
72500	PACIFIC INDUSTRIAL CO.,LTD.	0111
72540	UNIVANCE CORPORATION	0112
72550	SAKURAI LTD.	0112
72560	KASAI KOGYO CO.,LTD.	0112
72590	AISIN CORPORATION	0111
72610	Mazda Motor Corporation	0111
72640	MURO CORPORATION	0112
72650	EIKEN INDUSTRIES CO.,LTD	0112
72660	Imasen Electric Industrial Co.,Ltd.	0112
72670	HONDA MOTOR CO.,LTD.	0111
72690	SUZUKI MOTOR CORPORATION	0111
72700	SUBARU CORPORATION	0111
72710	YASUNAGA CORPORATION	0112
72720	Yamaha Motor Co.,Ltd.	0111
72730	IKUYO CO.,LTD.	0112
72760	KOITO MANUFACTURING CO.,LTD.	0111
72770	TBK Co.,Ltd.	0112
72780	EXEDY Corporation	0111
72790	HI-LEX CORPORATION	0112
72800	MITSUBA Corporation	0111
72820	TOYODA GOSEI CO.,LTD.	0111
72830	AISAN INDUSTRY CO.,LTD.	0111
72840	MEIWA INDUSTRY CO.,LTD.	0112
72870	NIPPON SEIKI CO.,LTD.	0112
72910	NIHON PLAST CO.,LTD.	0112
72920	MURAKAMI CORPORATION	0112
72940	YOROZU CORPORATION	0111
72960	F.C.C.CO.,LTD.	0111
72970	CAR MATE MFG. CO.,LTD.	0112
72990	FUJI OOZX Inc.	0112
73050	ARAYA INDUSTRIAL CO.,LTD.	0112
73090	SHIMANO INC.	0111
73130	TS TECH CO.,LTD.	0111
73140	ODAWARA AUTO-MACHINE MFG.CO.,LTD.	0112
73170	Matsuya R&D Co.,Ltd	0113
73180	SERENDIP HOLDINGS Co.,Ltd.	0113
73200	Solvvy Inc.	0113
73220	San ju San Financial Group,Inc.	0111
73250	IRRC Corporation	0113
73260	SBI Insurance Group Co.,Ltd.	0113
73270	Daishi Hokuetsu Financial Group,Inc.	0111
73370	Hirogin Holdings,Inc.	0111
73430	Broad-Minded Co.,Ltd.	0113
73450	Ai Partners Financial Inc.	0113
73470	Mercuria Holdings Co.,Ltd.	0111
73500	Okinawa Financial Group,Inc.	0111
73510	Goodpatch Inc.	0113
73520	TWOSTONE&Sons Inc.	0113
73530	KIYO Learning Co.,Ltd.	0113
73540	Direct Marketing MiX Inc.	0111
73550	Issunbou Co.,Ltd.	0105
73560	Retty Inc.	0113
73570	GEOCODE CO.,Ltd.	0112
73580	Poppins Corporation	0112
73590	Tokyo Communications Group,Inc.	0113
73600	ONDECK Co.,Ltd.	0113
73610	Human Creation Holdings,Inc.	0113
73620	Terminalcare Support Institute Inc.	0113
73630	baby calendar Inc.	0113
73640	RYUKYU ASTEEDA Sports Club Co.,Ltd.	0105
73660	LITALICO Inc.	0111
73670	CELM,Inc.	0112
73680	HYOJITO Co.,Ltd.	0112
73690	Meiho Holdings,Inc.	0113
73700	Enjin Co.,Ltd.	0113
73710	Zenken Corporation	0113
73720	Decollte Holdings Corporation	0113
73730	Aidma Holdings,Inc.	0113
73740	Interworks Confidence Inc.	0113
73750	REFINVERSE Group,Inc.	0113
73760	BCC Co.,Ltd.	0113
73770	DN HOLDINGS CO.,LTD.	0112
73780	ASIRO Inc.	0113
73790	CIRCULATION Co.,Ltd.	0113
73800	Juroku Financial Group,Inc.	0111
73810	Hokkoku Financial Holdings,Inc.	0111
73830	Net Protections Holdings,Inc.	0111
73840	Procrea Holdings,Inc.	0111
73880	FP Partner Inc.	0111
73890	Aichi Financial Group,Inc.	0111
73990	NANSIN CO.,LTD.	0112
74080	JAMCO CORPORATION	0111
74090	AeroEdge Co.,Ltd	0113
74120	ATOM CORPORATION	0112
74130	Sokensha Co.,Ltd.	0112
74140	ONOKEN CO.,LTD.	0111
74160	Haruyama Holdings Inc.	0112
74170	NANYO CORPORATION	0112
74190	Nojima Co.,Ltd.	0111
74200	SATORI ELECTRIC CO.,LTD.	0111
74210	KAPPA・CREATE CO.,LTD.	0111
74220	TOHO LAMAC CO.,LTD.	0112
74250	HATSUHO SHOUJI CO.,LTD.	0112
74260	Yamadai Corporation	0112
74270	ECHO TRADING CO.,LTD.	0112
74330	Hakuto Co.,Ltd.	0111
74340	OTAKE CORPORATION	0112
74350	NADEX CO.,LTD.	0112
74380	KONDOTEC INC.	0111
74420	NAKAYAMAFUKU CO.,LTD.	0112
74430	YOKOHAMA GYORUI CO.,LTD.	0112
74440	Harima-Kyowa Co.,LTD.	0112
74450	RIGHT ON Co.,Ltd.	0112
74460	TOHOKU CHEMICAL Co.,LTD.	0112
74470	NAGAILEBEN Co.,Ltd.	0111
74500	SUNDAY CO.,LTD.	0112
74510	Mitsubishi Shokuhin Co.,Ltd.	0112
74530	RYOHIN KEIKAKU CO.,LTD.	0111
74550	PARIS MIKI HOLDINGS Inc.	0112
74560	MATSUDA SANGYO Co.,Ltd.	0111
74580	DAIICHIKOSHO CO.,LTD.	0111
74590	MEDIPAL HOLDINGS CORPORATION	0111
74600	YAGI & CO.,LTD.	0112
74610	KIMURA CO.,LTD.	0112
74620	CAPITA Inc.	0112
74630	ADVAN GROUP CO.,LTD.	0112
74640	SAFTEC CO.,LTD.	0112
74660	SPK CORPORATION	0111
74670	HAGIWARA ELECTRIC HOLDINGS CO.,LTD.	0111
74720	TOBA,INC.	0112
74750	ALBIS Co.,Ltd.	0111
74760	AS ONE CORPORATION	0111
74770	MURAKI CORPORATION	0112
74800	SUZUDEN CORPORATION	0112
74810	OIE SANGYO CO.,LTD.	0112
74820	SHIMOJIMA Co.,Ltd.	0111
74830	DOSHISHA CO.,LTD.	0111
74860	SANRIN CO.,LTD.	0112
74870	OZU CORPORATION	0112
74900	NISSIN SHOJI CO.,LTD.	0112
74940	KONAKA CO.,LTD.	0112
75000	NISHIKAWA KEISOKU Co.,Ltd.	0112
75010	TIEMCO LTD.	0112
75020	PLAZA HOLDINGS CO.,LTD.	0112
75040	KOHSOKU CORPORATION	0111
75050	FUSO DENTSU CO.,LTD.	0112
75060	HOUSE OF ROSE Co.,Ltd.	0112
75080	G-7 HOLDINGS Inc.	0111
75090	I.A GROUP CORPORATION	0112
75100	TAKEBISHI CORPORATION	0111
75120	Aeon Hokkaido Corporation	0112
75130	Kojima Co.,Ltd.	0111
75140	HIMARAYA Co.,Ltd.	0112
75150	Maruyoshi Center Inc.	0112
75160	KOHNAN SHOJI CO.,LTD.	0111
75200	Eco's Co.,Ltd.	0111
75210	MUSASHI CO.,LTD.	0112
75220	WATAMI CO.,LTD.	0111
75230	ART VIVANT CO.,LTD.	0112
75240	MARCHE CORPORATION	0112
75250	RIX CORPORATION	0111
75270	SystemSoft Corporation	0112
75310	SEIWA CHUO HOLDINGS CORPORATION	0112
75320	Pan Pacific International Holdings Corporation	0111
75370	MARUBUN CORPORATION	0111
75380	DAISUI CO.,LTD.	0112
75390	AINAVO HOLDINGS Co.,Ltd.	0112
75440	Three F Co.,Ltd.	0112
75450	NISHIMATSUYA CHAIN Co.,Ltd.	0111
75500	ZENSHO HOLDINGS CO.,LTD.	0111
75510	WEDS CO.,LTD.	0112
75520	HAPPINET CORPORATION	0111
75540	KOURAKUEN CORPORATION	0111
75550	Ota Floriculture Auction Co.,Ltd.	0112
75610	HURXLEY CORPORATION	0112
75620	ANRAKUTEI Co.,Ltd	0112
75640	WORKMAN CO.,LTD.	0112
75650	MANSEI CORPORATION	0112
75670	SAKAE ELECTRONICS CORPORATION	0112
75700	HASHIMOTO SOGYO HOLDINGS CO.,LTD.	0112
75710	YAMANO HOLDINGS CORPORATION	0112
75750	Japan Lifeline Co.,Ltd.	0111
75780	NICHIRYOKU CO.,LTD.	0112
75810	SAIZERIYA CO.,LTD.	0111
75850	KAN-NANMARU CORPORATION	0112
75900	TAKASHO CO.,LTD.	0112
75930	VT HOLDINGS CO.,LTD.	0111
75950	ARGO GRAPHICS Inc.	0111
75960	UORIKI CO.,LTD.	0111
75990	IDOM Inc.	0111
76000	Japan Medical Dynamic Marketing,INC.	0111
76010	POPLAR CO.,Ltd.	0112
76020	Ledax Co.,Ltd.	0112
76030	MAC HOUSE CO.,LTD.	0112
76040	UMENOHANA GROUP CO.,LTD.	0112
76050	FUJI CORPORATION	0111
76060	UNITED ARROWS LTD.	0111
76070	Shinwa Co.,Ltd.	0111
76080	SK JAPAN CO.,LTD.	0112
76090	Daitron Co.,Ltd.	0111
76100	TAY TWO CO.,LTD.	0112
76110	HIDAY HIDAKA Corp.	0111
76130	SIIX CORPORATION	0111
76140	OM2Network Co.,Ltd.	0112
76150	KYOTO KIMONO YUZEN HOLDINGS Co.,Ltd.	0112
76160	COLOWIDE CO.,LTD.	0111
76190	TANAKA CO.,LTD.	0112
76210	UKAI CO.,LTD.	0112
76230	SUNAUTAS CO.,LTD.	0112
76240	Naito & Co.,Ltd.	0112
76250	GLOBAL-DINING,INC.	0112
76280	OHASHI TECHNICA INC.	0111
76300	ICHIBANYA CO.,LTD.	0111
76340	HOSHIIRYO-SANKI CO.,LTD.	0112
76350	SUGITA ACE CO.,LTD.	0112
76360	HANDSMAN CO.,LTD	0112
76370	Hakudo Co.,Ltd.	0111
76380	NEW ART HOLDINGS Co.,Ltd.	0112
76400	TOP CULTURE Co.,Ltd.	0112
76430	DAIICHI CO.,LTD.	0112
76460	PLANT Co.,Ltd.	0112
76490	SUGI HOLDINGS Co.,LTD.	0111
76700	O-WELL CORPORATION	0112
76730	DAIKO TSUSAN CO.,LTD.	0112
76740	NATTY SWANKY holdings Co.,Ltd.	0113
76770	Yashima & Co.,Ltd.	0112
76780	ASAKUMA CO.,LTD.	0112
76790	YAKUODO HOLDINGS Co.,Ltd.	0111
76800	KEIJIDOUSHAKAN.Co.,Ltd.	0105
76810	LEOCLAN Co.,Ltd.	0112
76820	HAMAYUU CO.,LTD.	0112
76830	WA,Inc.	0111
76850	BuySell Technologies Co.,Ltd.	0113
76860	HitoMile Co.,Ltd.	0112
76870	MICREED Co.,Ltd.	0113
76890	Copa Corporation Inc.	0113
76900	CURRENT MOTOR Corporation	0105
76910	C Channel Corporation	0105
76920	EARTH INFINITY CO.LTD.	0112
76930	Hokkaido Shika Sangyo Co.,Ltd.	0105
76940	itsumo.inc.	0113
76950	Koukandekirukun,Inc.	0113
76980	Iceco Inc.	0112
76990	OMNI-PLUS SYSTEM LIMITED	0113
77010	Shimadzu Corporation	0111
77020	JMS CO.,LTD.	0112
77070	Precision System Science Co.,Ltd.	0113
77090	KUBOTEK CORPORATION	0112
77110	SUKEGAWA ELECTRIC CO.,LTD.	0112
77130	SIGMA KOKI CO.,LTD.	0112
77150	NAGANO KEIKI CO.,LTD.	0111
77160	NAKANISHI INC.	0112
77170	V Technology Co.,Ltd.	0111
77180	STAR MICRONICS CO.,LTD.	0111
77190	TOKYO KOKI CO.LTD.	0112
77210	TOKYO KEIKI INC.	0111
77220	KOKUSAI CO.,LTD.	0112
77230	Aichi Tokei Denki Co.,Ltd.	0111
77250	INTER ACTION Corporation	0111
77260	KURODA PRECISION INDUSTRIES LTD.	0112
77270	OVAL Corporation	0112
77290	TOKYO SEIMITSU CO.,LTD.	0111
77300	MANI,INC.	0111
77310	NIKON CORPORATION	0111
77320	TOPCON CORPORATION	0111
77330	OLYMPUS CORPORATION	0111
77340	RIKEN KEIKI CO.,LTD.	0111
77350	SCREEN Holdings Co.,Ltd.	0111
77390	CANON ELECTRONICS INC.	0111
77400	Tamron Co.,Ltd.	0111
77410	HOYA CORPORATION	0111
77430	SEED CO.,LTD.	0111
77440	Noritsu Koki Co.,Ltd.	0111
77450	A&D HOLON Holdings Company,Limited	0111
77460	OKAMOTO GLASS CO.,LTD.	0112
77470	ASAHI INTECC CO.,LTD.	0111
77490	MEDIKIT CO.,LTD.	0112
77510	CANON INC.	0111
77520	RICOH COMPANY,LTD.	0111
77600	IMV CORPORATION	0112
77620	Citizen Watch Co.,Ltd.	0111
77690	RHYTHM CO.,LTD.	0111
77710	Nihon Seimitsu Co.,Ltd.	0112
77740	Japan Tissue Engineering Co.,Ltd.	0113
77750	DAIKEN MEDICAL CO.,LTD.	0112
77760	CellSeed Inc.	0113
77770	3-D Matrix,Ltd.	0113
77790	CYBERDYNE,INC.	0113
77800	Menicon Co.,Ltd.	0111
77810	HIRAYAMA HOLDINGS Co.,Ltd.	0112
77820	Sincere Co.,LTD.	0112
77910	DREAMBED CO.,LTD.	0112
77920	Colan Totte.Co.,Ltd.	0113
77930	IMAGE MAGIC Inc.	0113
77940	EDP Corporation	0113
77950	KYORITSU CO.,LTD.	0112
78000	Amifa Co.,Ltd.	0112
78030	Bushiroad Inc.	0113
78040	B&P Co.,Ltd.	0112
78050	PRINTNET INC.	0112
78060	MTG Co.,Ltd.	0113
78070	KOWA CO.,LTD.	0112
78080	C.S. LUMBER CO.,INC	0112
78090	KOTOBUKIYA CO.,LTD.	0112
78100	Crossfor Co.,Ltd.	0112
78110	NAKAMOTO PACKS CO.,LTD.	0112
78120	CRESTEC Inc.	0112
78130	PLATZ Co.,Ltd.	0112
78140	JAPAN Creative Platform Group Co.,Ltd.	0112
78150	TOKYO BOARD INDUSTRIES CO.,LTD.	0112
78170	PARAMOUNT BED HOLDINGS CO.,LTD.	0111
78180	TRANSACTION CO.,Ltd.	0111
78190	SHOBIDO Corporation	0112
78200	NIHON FLUSH CO.,LTD.	0111
78210	MAEDA KOSEN CO.,LTD.	0111
78220	Eidai Co.,Ltd.	0112
78230	ARTNATURE INC.	0112
78260	FURUYA METAL CO.,LTD.	0111
78270	ORVIS CORPORATION	0112
78310	Wellco Holdings Corporation	0112
78320	Bandai Namco Holdings Inc.	0111
78330	IFIS JAPAN LTD.	0112
78360	AVIX,Inc.	0112
78370	R.C.CORE CO.,LTD.	0112
78390	SHOEI CO.,LTD.	0111
78400	FRANCE BED HOLDINGS CO.,LTD.	0111
78410	ENDO MANUFACTURING CO.,LTD.	0112
78440	Marvelous Inc.	0111
78460	PILOT CORPORATION	0111
78470	GRAPHITE DESIGN INC.	0112
78490	Starts Publishing Corporation	0112
78500	SOUGOU SHOUKEN CO.,LTD.	0112
78510	KAWASE COMPUTER SUPPLIES CO,LTD.	0112
78560	HAGIHARA INDUSTRIES INC.	0111
78570	SEKI CO.,LTD.	0112
78590	ALMEDIO INC.	0112
78600	Avex Inc.	0111
78630	HIRAGA CO.,LTD.	0112
78640	FUJI SEAL INTERNATIONAL,INC.	0111
78650	People Co.,Ltd.	0112
78670	TOMY COMPANY,LTD.	0111
78680	KOSAIDO Holdings Co.,Ltd.	0111
78710	FUKUVI CHEMICAL INDUSTRY CO.,LTD.	0112
78720	ESTELLE HOLDINGS CO.,LTD.	0112
78740	LEC,INC.	0111
78750	TAKEDA iP HOLDINGS CO.,LTD.	0112
78770	EIDAI KAKO CO.,LTD.	0112
78780	Kohsai Co.,Ltd.	0112
78790	NODA CORPORATION	0112
78830	Sun Messe Co.,Ltd.	0112
78850	TAKANO Co.,Ltd.	0112
78860	YAMATO Mobility & Mfg. Co.,Ltd.	0112
78870	NANKAI PLYWOOD CO.,LTD.	0112
78880	SANKO GOSEI LTD.	0111
78930	PRONEXUS INC.	0111
78960	SEVEN INDUSTRIES CO.,LTD.	0112
78970	HOKUSHIN CO.,LTD.	0112
78980	WOOD ONE CO.,LTD.	0112
79010	MATSUMOTO INC.	0112
79020	SONOCOM CO.,LTD.	0112
79060	YONEX CO.,LTD.	0112
79080	KIMOTO CO.,LTD.	0112
79110	TOPPAN Holdings Inc.	0111
79120	Dai Nippon Printing Co.,Ltd.	0111
79140	Kyodo Printing Co.,Ltd.	0111
79150	Nissha Co.,Ltd.	0111
79160	MITSUMURA PRINTING CO.,LTD.	0112
79170	ZACROS Corporation	0111
79180	VIA Holdings,Inc.	0112
79190	Nozaki Insatsu Shigyo Co.,Ltd.	0112
79210	TAKARA & COMPANY LTD.	0111
79220	SANKO SANGYO CO.,LTD.	0112
79230	TOIN CORPORATION	0112
79250	MAEZAWA KASEI INDUSTRIES CO.,LTD.	0111
79270	MUTO SEIKO CO.	0112
79280	ASAHI KAGAKU KOGYO CO.,LTD.	0112
79310	MIRAI INDUSTRY CO.,LTD.	0111
79320	Nippi,Incorporated	0112
79360	ASICS Corporation	0111
79370	TSUTSUMI JEWELRY CO.,LTD.	0112
79380	REGAL CORPORATION	0112
79390	KENSOH CO.,LTD.	0112
79400	WAVELOCK HOLDINGS CO.,LTD.	0112
79420	JSP Corporation	0111
79430	NICHIHA CORPORATION	0111
79440	Roland Corporation	0111
79460	KOYOSHA INC.	0112
79470	FP CORPORATION	0111
79490	KOMATSU WALL INDUSTRY CO.,LTD.	0111
79510	YAMAHA CORPORATION	0111
79520	Kawai Musical Instruments Manufacturing Co.,Ltd.	0111
79530	KIKUSUI CHEMICAL INDUSTRIES CO.,LTD.	0112
79550	Cleanup Corporation	0111
79560	PIGEON CORPORATION	0111
79570	FUJICOPIAN CO.,LTD.	0112
79580	TENMA CORPORATION	0111
79620	KING JIM CO.,LTD.	0111
79630	KOKEN LTD.	0112
79650	Zojirushi Corporation	0111
79660	LINTEC Corporation	0111
79700	Shin-Etsu Polymer Co.,Ltd.	0111
79710	TOLI Corporation	0112
79720	ITOKI CORPORATION	0111
79740	Nintendo Co.,Ltd.	0111
79750	LIHIT LAB.,INC.	0112
79760	MITSUBISHI PENCIL COMPANY,LIMITED	0111
79790	SHOFU INC.	0111
79800	SHIGEMATSU WORKS CO.,LTD.	0112
79810	TAKARA STANDARD CO.,LTD.	0111
79830	Miroku Corporation	0112
79840	KOKUYO CO.,LTD.	0111
79850	NEPON Inc.	0112
79860	NIHON ISK Company,Limited	0112
79870	NAKABAYASHI CO.,LTD.	0112
79880	NIFCO INC.	0111
79890	TACHIKAWA CORPORATION	0111
79900	GLOBERIDE,Inc.	0111
79910	MAMIYA-OP CO.,LTD	0112
79920	The Sailor Pen Co.,Ltd.	0112
79940	OKAMURA CORPORATION	0111
79950	VALQUA,LTD.	0111
79970	Kurogane Kosakusho Ltd.	0112
79990	MUTOH HOLDINGS CO.,LTD.	0112
80010	ITOCHU Corporation	0111
80020	Marubeni Corporation	0111
80050	Scroll Corporation	0111
80060	YUASA FUNASHOKU Co.,Ltd.	0112
80070	Takashima & Co.,Ltd.	0111
80080	YONDOSHI HOLDINGS INC.	0111
80110	SANYO SHOKAI LTD.	0111
80120	NAGASE & CO.,LTD.	0111
80130	NAIGAI CO.,LTD.	0112
80140	CHORI CO.,LTD.	0111
80150	TOYOTA TSUSHO CORPORATION	0111
80160	ONWARD HOLDINGS CO.,LTD.	0111
80180	SANKYO SEIKO CO.,LTD.	0112
80200	KANEMATSU CORPORATION	0111
80220	Mizuno Corporation	0111
80230	DAIKO XTECH,LTD.	0112
80250	TSUKAMOTO CORPORATION CO.,LTD.	0112
80290	LOOK HOLDINGS INCORPORATED	0112
80300	Chuo Gyorui Co.,Ltd.	0112
80310	MITSUI & CO.,LTD.	0111
80320	JAPAN PULP AND PAPER COMPANY LIMITED	0111
80350	Tokyo Electron Limited	0111
80370	KAMEI CORPORATION	0111
80390	TSUKIJI UOICHIBA COMPANY,LIMITED	0112
80400	TOKYO SOIR CO.,LTD.	0112
80410	OUG Holdings Inc.	0112
80430	Starzen Company Limited	0111
80450	Yokohama Maruuo Co.,Ltd.	0112
80460	MARUFUJI SHEET PILING CO.,LTD.	0112
80500	SEIKO GROUP CORPORATION	0111
80510	YAMAZEN CORPORATION	0111
80520	TSUBAKIMOTO KOGYO CO.,LTD.	0111
80530	SUMITOMO CORPORATION (SUMITOMO SHOJI KAISHA,LTD.)	0111
80560	BIPROGY Inc.	0111
80570	UCHIDA YOKO CO.,LTD.	0111
80580	Mitsubishi Corporation	0111
80590	DAIICHI JITSUGYO CO.,LTD.	0111
80600	Canon Marketing Japan Inc.	0111
80610	SEIKA CORPORATION	0111
80650	SATO SHO-JI CORPORATION	0111
80660	MITANI CORPORATION	0112
80700	TOKYO SANGYO CO.,LTD.	0111
80740	YUASA TRADING CO.,LTD.	0111
80750	Shinsho Corporation	0111
80760	CANOX CORPORATION	0112
80770	TORQ Inc.	0112
80780	HANWA CO.,LTD.	0111
80790	SHOEI FOODS CORPORATION	0111
80810	KANADEN CORPORATION	0111
80840	RYODEN CORPORATION	0111
80850	NARASAKI SANGYO CO.,LTD.	0112
80860	NIPRO CORPORATION	0111
80880	IWATANI  CORPORATION	0111
80890	Nice Corporation	0112
80910	NICHIMO CO.,LTD.	0111
80930	Kyokuto Boeki Kaisha,Limited	0111
80950	Astena Holdings Co.,Ltd.	0111
80970	SAN-AI OBBLI CO.,LTD.	0111
80980	Inabata & Co.,Ltd.	0111
81010	GSI Creos Corporation	0111
81030	Meiwa Corporation	0111
81040	KUWAZAWA Holdings Corporation	0112
81050	MARUSHO HOTTA CO.,LTD.	0112
81070	KIMURATAN CORPORATION	0112
81110	Goldwin Inc.	0111
81130	UNICHARM CORPORATION	0111
81150	MOONBAT Co.,Ltd.	0112
81170	CENTRAL AUTOMOTIVE PRODUCTS LTD.	0112
81180	KING Co.,Ltd.	0112
81190	SANYEI CORPORATION	0112
81230	T.KAWABE & CO.,LTD.	0112
81250	Wakita & Co.,LTD.	0111
81270	YAMATO INTERNATIONAL INC.	0112
81290	TOHO HOLDINGS CO.,LTD.	0111
81300	Sangetsu Corporation	0111
81310	Mitsuuroko Group Holdings Co.,Ltd.	0112
81320	SINANEN HOLDINGS CO.,LTD.	0111
81330	ITOCHU ENEX CO.,LTD.	0111
81350	ZETT CORPORATION	0112
81360	Sanrio Company,Ltd.	0111
81370	SUN-WA TECHNOS CORPORATION	0111
81380	SANKYO KASEI CORPORATION	0112
81390	NAGAHORI CORPORATION	0112
81410	Shinko Shoji Co.,Ltd.	0111
81420	TOHO Co.,Ltd.	0111
81430	LAPINE CO.,LTD.	0112
81440	Denkyo Group Holdings Co.,Ltd.	0112
81470	TOMITA CO.LTD.	0112
81500	SANSHIN ELECTRONICS CO.,LTD.	0111
81510	TOYO Corporation	0111
81520	SOMAR CORPORATION	0112
81530	MOS FOOD SERVICES,INC.	0111
81540	KAGA ELECTRONICS CO.,LTD.	0111
81570	TSUZUKI DENKI CO.,LTD.	0111
81580	SODA NIKKA CO.,LTD.	0111
81590	TACHIBANA ELETECH CO.,LTD.	0111
81600	KISOJI CO.,LTD.	0111
81630	SRS HOLDINGS CO.,LTD.	0111
81650	SENSHUKAI CO.,LTD.	0112
81660	Taka-Q Co.,Ltd.	0112
81670	RETAIL PARTNERS CO.,LTD.	0111
81730	Joshin Denki Co.,Ltd.	0111
81740	NIPPON GAS CO.,LTD.	0111
81790	ROYAL HOLDINGS Co., Ltd.	0111
81810	Totenko Co.,Ltd.	0112
81850	CHIYODA CO.,LTD.	0111
81940	LIFE CORPORATION	0111
81980	Maxvalu Tokai Co.,Ltd.	0112
82000	RINGER HUT CO.,LTD.	0111
82020	Laox Holdings CO.,LTD.	0112
82030	MrMax Holdings Ltd.	0111
82070	TEN ALLIED Co.,Ltd.	0112
82080	ENCHO CO.,LTD.	0112
82090	FRIENDLY CORPORATION	0112
82140	AOKI Holdings Inc.	0111
82170	OKUWA CO.,LTD.	0111
82180	KOMERI CO.,LTD.	0111
82190	AOYAMA TRADING Co.,Ltd.	0111
82250	Takachiho Co.,Ltd.	0112
82260	RIKEI CORPORATION	0112
82270	SHIMAMURA Co.,Ltd.	0111
82300	HASEGAWA CO.,LTD.	0112
82330	Takashimaya Company,Limited	0111
82370	MATSUYA CO.,LTD.	0111
82420	H2O RETAILING CORPORATION	0111
82440	Kintetsu Department Store CO.,Ltd.	0112
82470	Daiwa Co.,Ltd.	0112
82520	MARUI GROUP CO.,LTD.	0111
82530	Credit Saison Co.,Ltd.	0111
82540	Saikaya Department Store Co.,Ltd.	0112
82550	Axial Retailing Inc.	0111
82600	IZUTSUYA CO.,LTD.	0112
82670	AEON CO.,LTD.	0111
82730	IZUMI CO.,LTD.	0111
82750	FORVAL CORPORATION	0112
82760	HEIWADO CO.,LTD.	0111
82780	FUJI CO.,LTD.	0111
82790	YAOKO CO.,LTD	0111
82810	XEBIO holdings CO.,LTD.	0111
82820	K'S HOLDINGS CORPORATION	0111
82830	PALTAC CORPORATION	0111
82850	MITANI SANGYO CO.,LTD.	0112
82890	Olympic Group Corporation	0112
82910	NISSAN TOKYO SALES HOLDINGS CO.,LTD.	0112
83010	BANK OF JAPAN	0112
83040	Aozora Bank,Ltd.	0111
83060	Mitsubishi UFJ Financial Group,Inc.	0111
83080	Resona Holdings, Inc.	0111
83090	Sumitomo Mitsui Trust Group,Inc.	0111
83160	Sumitomo Mitsui Financial Group,Inc.	0111
83310	The Chiba Bank,Ltd.	0111
83340	The Gunma Bank,Ltd.	0111
83360	The Musashino Bank,Ltd.	0111
83370	The Chiba Kogyo Bank,Ltd.	0111
83380	Tsukuba Bank,Ltd.	0111
83410	The 77 Bank,Ltd.	0111
83430	THE AKITA BANK,LTD.	0111
83440	The Yamagata Bank,Ltd.	0111
83450	The Bank of Iwate,Ltd.	0111
83460	The Toho Bank,Ltd.	0111
83490	THE TOHOKU BANK,LTD.	0112
83540	Fukuoka Financial Group,Inc.	0111
83580	Suruga Bank Ltd.	0111
83590	The Hachijuni Bank,Ltd.	0111
83600	The Yamanashi Chuo Bank,Ltd.	0111
83610	The Ogaki Kyoritsu Bank,Ltd.	0111
83620	The Fukui Bank,Ltd.	0111
83640	THE SHIMIZU BANK,LTD.	0111
83650	The Bank of Toyama,Ltd.	0112
83660	THE SHIGA BANK,LTD.	0111
83670	The Nanto Bank,Ltd.	0111
83680	The Hyakugo Bank,Ltd.	0111
83700	The Kiyo Bank,Ltd.	0111
83770	Hokuhoku Financial Group, Inc.	0111
83810	The San-in Godo Bank,Ltd.	0111
83830	THE TOTTORI BANK,LTD.	0112
83860	The Hyakujushi Bank,Ltd.	0111
83870	The Shikoku Bank, Ltd.	0111
83880	The Awa Bank,Ltd.	0111
83920	THE OITA BANK,LTD.	0111
83930	The Miyazaki Bank,Ltd.	0111
83950	THE BANK OF SAGA LTD.	0111
83990	Bank of The Ryukyus,Limited	0111
84100	Seven Bank,Ltd.	0111
84110	Mizuho Financial Group,Inc.	0111
84160	THE BANK OF KOCHI,LTD.	0112
84180	Yamaguchi Financial Group,Inc.	0111
84210	Shinkin Central Bank	0112
84240	Fuyo General Lease Co.,Ltd.	0111
84250	Mizuho Leasing Company,Limited	0111
84390	Tokyo Century Corporation	0111
84730	SBI Holdings,Inc.	0111
85080	J Trust Co.,Ltd.	0112
85110	Japan Securities Finance Co.,Ltd.	0111
85150	AIFUL CORPORATION	0111
85180	Japan Asia Investment Company,Limited	0112
85220	The Bank of Nagoya,Ltd.	0111
85240	North Pacific Bank,Ltd.	0111
85370	THE TAIKO BANK,LTD.	0112
85410	The Ehime Bank,Ltd.	0111
85420	TOMATO BANK,LTD.	0112
85440	The Keiyo Bank,Ltd.	0111
85500	THE TOCHIGI BANK,LTD.	0111
85510	The Kita-Nippon Bank,Ltd.	0111
85580	THE TOWA BANK,LTD.	0111
85620	THE FUKUSHIMA BANK,LTD.	0112
85630	THE DAITO BANK,LTD.	0112
85660	RICOH LEASING COMPANY,LTD.	0111
85700	AEON Financial Service Co.,Ltd.	0111
85720	ACOM CO.,LTD.	0112
85840	JACCS CO.,LTD.	0111
85850	Orient Corporation	0111
85910	ORIX CORPORATION	0111
85930	Mitsubishi HC Capital Inc.	0111
85950	JAFCO Group Co.,Ltd.	0111
85960	KYUSHU LEASING SERVICE CO.,LTD.	0112
86000	TOMONY Holdings,Inc.	0111
86010	Daiwa Securities Group Inc.	0111
86040	Nomura Holdings, Inc.	0111
86090	OKASAN SECURITIES GROUP INC.	0111
86130	Marusan Securities Co.,Ltd.	0111
86140	TOYO SECURITIES CO.,LTD.	0111
86160	Tokai Tokyo Financial Holdings,Inc.	0111
86170	The Kosei Securities Co.,Ltd.	0112
86220	Mito Securities Co.,Ltd.	0111
86240	Ichiyoshi Securities Co.,Ltd.	0111
86280	MATSUI SECURITIES CO.,LTD.	0111
86300	Sompo Holdings,Inc.	0111
86970	Japan Exchange Group,Inc.	0111
86980	Monex Group,Inc.	0111
86990	HS Holdings Co.,Ltd.	0112
87000	Maruhachi Securities Co.,Ltd.	0112
87040	TRADERS HOLDINGS CO.,LTD.	0112
87050	Nissan Securities Group Co.,Ltd.	0112
87060	KYOKUTO SECURITIES CO.,LTD.	0111
87070	IwaiCosmo Holdings,Inc.	0111
87080	AIZAWA SECURITIES GROUP CO.,LTD.	0111
87130	FIDEA Holdings Co.Ltd.	0111
87140	Senshu Ikeda Holdings,Inc.	0111
87150	Anicom Holdings,Inc.	0111
87250	MS&AD Insurance Group Holdings,Inc.	0111
87370	Akatsuki Corp.	0112
87390	SPARX Group Co.,Ltd.	0111
87420	KOBAYASHI YOKO CO.,LTD.	0112
87460	unbanked inc.	0112
87470	YUTAKA TRUSTY SECURITIES CO.,LTD.	0112
87500	Dai-ichi Life Holdings,Inc.	0111
87660	Tokio Marine Holdings,Inc.	0111
87690	Advantage Risk Management Co.,Ltd.	0112
87710	eGuarantee,Inc.	0111
87720	ASAX CO.,LTD.	0112
87830	GFA Co.,Ltd.	0112
87890	FinTech Global Incorporated	0112
87930	NEC Capital Solutions Limited	0111
87950	T&D Holdings, Inc.	0111
87980	Advance Create Co.,Ltd.	0111
88010	Mitsui Fudosan Co.,Ltd.	0111
88020	Mitsubishi Estate Company,Limited	0111
88030	HEIWA REAL ESTATE CO.,LTD.	0111
88040	Tokyo Tatemono Co.,Ltd.	0111
88180	Keihanshin Building Co.,Ltd.	0111
88300	Sumitomo Realty & Development Co.,Ltd.	0111
88350	TAIHEIYO KOUHATSU INCORPORATED	0112
88360	RISE Inc.	0112
88410	TOC Co.,Ltd.	0112
88440	COSMOS INITIA Co.,Ltd.	0112
88480	LEOPALACE21 CORPORATION	0111
88500	STARTS CORPORATION INC.	0111
88600	FUJI CORPORATION LIMITED	0111
88640	AIRPORT FACILITIES Co.,LTD.	0111
88690	Meiwa Estate Company Limited	0112
88710	GOLDCREST Co.,Ltd.	0112
88760	Relo Group,Inc.	0111
88770	ESLEAD CORPORATION	0111
88810	NISSHIN GROUP HOLDINGS Company,Limited	0111
88860	WOOD FRIENDS CO.,Ltd.	0112
88870	SYLA Holdings Co.,Ltd.	0112
88910	AMG HOLDINGS CO.,LTD.	0112
88920	ES-CON JAPAN Ltd.	0111
88940	REVOLUTION CO.,LTD.	0112
88970	MIRARTH HOLDINGS,Inc.	0111
88980	CENTURY21 REAL ESTATE OF JAPAN LTD.	0112
89040	AVANTIA CO.,LTD.	0112
89080	MAINICHI COMNET CO.,LTD.	0112
89120	Area Quest Inc.	0112
89140	Arealink Co.,Ltd.	0112
89170	First Juken Co.,Ltd.	0112
89180	LAND Co.,Ltd.	0112
89190	KATITAS CO.,LTD	0111
89200	TOSHO CO.,LTD.	0112
89210	C's Create Co.,Ltd	0105
89230	TOSEI CORPORATION	0111
89270	MEIHO ENTERPRISE CO.,LTD.	0112
89280	ANABUKI KOSAN INC.	0112
89290	Aoyama Zaisan Networks Company,Limited	0112
89310	WADAKOHSAN CORPORATION	0112
89340	Sun Frontier Fudousan Co.,Ltd.	0111
89350	FJ NEXT HOLDINGS CO.,LTD.	0111
89380	GLOME Holdings,Inc.	0113
89400	INTELLEX Co.,Ltd.	0112
89440	LAND BUSINESS  CO.,LTD.	0112
89450	SUNNEXTA GROUP Inc.	0112
89460	ASIAN STAR CO.	0112
89510	Nippon Building Fund Inc.	0109
89520	Japan Real Estate Investment Corporation	0109
89530	Japan Metropolitan Fund Investment Corporation	0109
89540	ORIX JREIT Inc.	0109
89550	Japan Prime Realty Investment Corporation	0109
89560	NTT UD REIT Investment Corporation	0109
89570	TOKYU REIT, Inc.	0109
89580	Global One Real Estate Investment Corporation	0109
89600	United Urban Investment Corporation	0109
89610	MORI TRUST REIT,Inc.	0109
89630	Invincible Investment Corporation	0109
89640	Frontier Real Estate Investment Corporation	0109
89660	HEIWA REAL ESTATE REIT,Inc.	0109
89670	Japan Logistics Fund,Inc.	0109
89680	Fukuoka REIT Corporation	0109
89720	KDX Realty Investment Corporation	0109
89750	Ichigo Office REIT Investment Corporation	0109
89760	Daiwa Office Investment Corporation	0109
89770	Hankyu Hanshin REIT,Inc.	0109
89790	Starts Proceed Investment Corporation	0109
89840	Daiwa House REIT Investment Corporation	0109
89850	Japan Hotel REIT Investment Corporation	0109
89860	Daiwa Securities Living Investment Corporation	0109
89870	Japan Excellent,Inc.	0109
89950	Makoto Construction CO,Ltd	0112
89960	HouseFreedom Co.,Ltd.	0112
89990	Grandy House Corporation	0111
90010	TOBU RAILWAY CO.,LTD.	0111
90030	Sotetsu Holdings,Inc.	0111
90050	TOKYU CORPORATION	0111
90060	Keikyu Corporation	0111
90070	Odakyu Electric Railway Co.,Ltd.	0111
90080	Keio Corporation	0111
90090	Keisei Electric Railway Co.,Ltd.	0111
90100	FUJI KYUKO CO.,LTD.	0111
90120	Chichibu Railway Co.,Ltd.	0112
90170	Niigata Kotsu Co.,Ltd.	0112
90200	East Japan Railway Company	0111
90210	West Japan Railway Company	0111
90220	Central Japan Railway Company	0111
90230	Tokyo Metro Co.,Ltd.	0111
90240	SEIBU HOLDINGS INC.	0111
90250	Konoike Transport Co.,Ltd.	0111
90280	ZERO CO.,LTD.	0112
90290	HIGASHI HOLDINGS CO.,LTD.	0112
90310	Nishi-Nippon Railroad Co.,Ltd.	0111
90330	Hiroshima Electric Railway Co.,Ltd.	0112
90340	NANSO Transport Co.,Ltd.	0112
90360	TOHBU NETWORK CO.,LTD.	0112
90370	HAMAKYOREX CO.,LTD.	0111
90390	Sakai Moving Service Co.,Ltd.	0111
90410	Kintetsu Group Holdings Co.,Ltd.	0111
90420	Hankyu Hanshin Holdings,Inc.	0111
90440	Nankai Electric Railway Co.,Ltd.	0111
90450	Keihan Holdings Co.,Ltd.	0111
90460	Kobe Electric Railway Co.,Ltd.	0111
90480	Nagoya Railroad Co., Ltd.	0111
90490	Keifuku Electric Railroad Co.,Ltd.	0112
90510	SENKON LOGISTICS CO.,LTD	0112
90520	Sanyo Electric Railway Co.,Ltd.	0111
90570	ENSHU TRUCK CO.,LTD.	0112
90590	Kanda Holdings Co.,Ltd.	0112
90600	JAPAN LOGISTIC SYSTEMS CORP.	0112
90630	Okayamaken Freight Transportation CO.,LTD.	0112
90640	YAMATO HOLDINGS CO.,LTD.	0111
90650	SANKYU INC.	0111
90660	NISSIN CORPORATION	0111
90670	MARUWN CORPORATION	0112
90680	Maruzen Showa Unyu Co.,Ltd.	0111
90690	SENKO Group Holdings Co.,Ltd.	0111
90720	NIKKON Holdings Co.,Ltd.	0111
90730	Kyogoku unyu shoji Co.,Ltd.	0112
90740	Japan Oil Transportation Co.,Ltd.	0112
90750	FUKUYAMA TRANSPORTING CO.,LTD.	0111
90760	SEINO HOLDINGS CO.,LTD.	0111
90810	Kanagawa Chuo Kotsu Co.,Ltd.	0111
90820	Daiwa Motor Transportation Co.,Ltd.	0112
90830	Shinki Bus Co.,Ltd.	0112
90870	TAKASE CORPORATION	0112
90900	AZ-COM MARUWA Holdings Inc.	0111
91010	Nippon Yusen Kabushiki Kaisha	0111
91040	Mitsui O.S.K.Lines,Ltd.	0111
91070	Kawasaki Kisen Kaisha,Ltd.	0111
91100	NS United Kaiun Kaisha,Ltd.	0111
91150	Meiji Shipping Group Co.,Ltd.	0112
91190	IINO KAIUN KAISHA,LTD.	0111
91270	TAMAI STEAMSHIP CO.,LTD	0112
91300	KYOEI TANKER CO.,LTD.	0112
91420	Kyushu Railway Company	0111
91430	SG HOLDINGS CO.,LTD.	0111
91450	BEING HOLDINGS CO.,LTD.	0112
91460	GOKENDO Holdings,Inc.	0105
91470	NIPPON EXPRESS HOLDINGS,INC.	0111
91490	Otomo Logistics Service Co.,Ltd.	0105
91560	HANA HOLDINGS Co.,Ltd.	0105
91580	CUC Inc.	0113
91590	W TOKYO Inc.	0113
91600	NOVARESE,Inc.	0112
91620	Bleach,Inc.	0113
91630	Nareru Group Inc.	0113
91640	TRYT Inc.	0113
91650	Qualtec Co.,Ltd.	0113
91660	GENDA Inc.	0113
91670	Futonmaki Jiro,Inc.	0105
91680	Rise Consulting Group,Inc.	0113
91690	Daishinsha Inc.	0105
91710	Kuribayashi Steamship Co.,Ltd.	0112
91730	Tokai Kisen Co.,Ltd.	0112
91930	Tokyo Kisen Co.,Ltd.	0112
92010	Japan Airlines Co.,Ltd.	0111
92020	ANA HOLDINGS INC.	0111
92040	Skymark Airlines Inc.	0113
92060	Star Flyer Inc.	0112
92110	f-code Inc.	0113
92120	Green Earth Institute Co.,Ltd.	0113
92130	SEYFERT LTD.	0112
92140	Recovery International Co.,Ltd.	0113
92150	CaSy Co.,Ltd.	0113
92160	Bewith,Inc.	0111
92180	Mental Health Technologies Co.,Ltd.	0113
92190	GiXo Ltd.	0113
92200	FB CARE SERVICE CO.,LTD.	0112
92210	FULUHASHI EPO CORPORATION	0112
92220	manaby Co.,Ltd.	0105
92230	ASNOVA Co.,Ltd.	0113
92240	KANKYOU NO MIKATA Inc.	0105
92250	Bridge Consulting Group Inc.	0113
92260	IGER Inc.	0105
92270	Microwave Chemical Co.,Ltd.	0113
92290	SUNWELS Co.,Ltd.	0111
92330	Asia Air Survey Co.,Ltd.	0112
92350	Ureru Net Advertising Group Co.,Ltd.	0113
92360	Japan M&A Solution Incorporated	0113
92370	Emimen Co.,Ltd.	0113
92380	VALUE CREATION CO.,LTD.	0113
92390	KET Inc.	0105
92400	Delivery Consulting Inc.	0113
92410	Future Link Network Co.,Ltd.	0113
92420	Media Research Institute,Inc.	0113
92430	FT Holdings Co.,Inc.	0105
92440	DIGITALIFT Inc.	0113
92450	Livero Inc.	0113
92460	ProjectHoldings,Inc.	0113
92470	TRE HOLDINGS CORPORATION	0111
92480	People, Dreams & Technologies Group Co.,Ltd.	0111
92490	Japan Ecosystem Co.,Ltd.	0112
92500	GRCS Inc.	0113
92510	AB&Company Co.,Ltd.	0113
92520	Last One Mile Co.,Ltd.	0113
92530	Slogan Inc.	0113
92540	Lovable Marketing Group,inc.	0113
92560	Succeed co.,ltd.	0113
92570	YCP Holdings (Global) Limited	0113
92580	CS-C.Co.,Ltd.	0113
92590	TAKAYOSHI Holdings,INC.	0113
92620	SILVER LIFE CO.,LTD.	0112
92640	Puequ CO.,LTD.	0112
92650	YAMASHITA HEALTH CARE HOLDINGS,INC.	0112
92670	Genky DrugStores Co.,Ltd.	0111
92680	OPTIMUS GROUP COMPANY LIMITED	0112
92700	Valuence Holdings Inc.	0113
92710	Wagokoro co.,ltd.	0113
92720	Boutiques,Inc.	0113
92730	KOA SHOJI HOLDINGS CO.,LTD.	0111
92740	KPP GROUP HOLDINGS CO.,LTD.	0111
92750	NARUMIYA INTERNATIONAL Co.,Ltd.	0112
92780	BOOKOFF GROUP HOLDINGS LIMITED	0111
92790	GIFT HOLDINGS INC.	0111
92820	Ichigo Green Infrastructure Investment Corporation	0109
92840	Canadian Solar Infrastructure Fund,Inc.	0109
92850	Tokyo Infrastructure Energy Investment Corporation	0109
92860	Enex Infrastructure Investment Corporation	0109
92870	Japan Infrastructure Fund Investment Corporation	0109
93010	Mitsubishi Logistics Corporation	0111
93020	MITSUI-SOKO HOLDINGS Co.,Ltd.	0111
93030	The Sumitomo Warehouse Co.,Ltd.	0111
93040	Shibusawa Logistics Corporation	0111
93050	Yamatane Corporation	0111
93060	Toyo Logistics Co.,Ltd.	0112
93070	Sugimura Warehouse Co.,Ltd.	0112
93080	Inui Global Logistics Co.,Ltd.	0112
93100	Japan Transcity Corporation	0111
93110	ASAGAMI CORPORATION	0112
93120	THE KEIHIN CO.,LTD.	0112
93130	Maruhachi Warehouse Company Limited	0112
93190	Chuo Warehouse Co.,Ltd.	0111
93220	KAWANISHI WAREHOUSE CO.,LTD.	0112
93240	Yasuda Logistics Corporation	0111
93250	PHYZ Holdings Inc.	0112
93260	KANTSU CO.,LTD.	0113
93270	e-LogiT co.,ltd.	0112
93300	AGEHA Inc.	0113
93310	Caster Co.Ltd.	0113
93320	NISSO HOLDINGS Co.,Ltd.	0111
93340	IBIS HOLDINGS Co.,Ltd.	0105
93350	techno-creative CO.,LTD.	0105
93360	Daiei Kankyo Co.,Ltd.	0111
93370	toridori Inc.	0113
93380	INFORICH INC.	0113
93390	COACH A Co.,Ltd.	0112
93400	ASO INTERNATIONAL,INC.	0112
93410	GENOVA,Inc.	0111
93420	Sumasapo Inc.	0113
93430	ibis inc.	0113
93440	Axis Consulting Corporation	0113
93450	Bizmates,Inc.	0113
93460	Cocorport,Inc.	0113
93470	NIPPON KANZAI Holdings Co.,Ltd.	0111
93480	ispace,inc.	0113
93510	TOYO WHARF & WAREHOUSE CO.,LTD.	0112
93530	SAKURAJIMA FUTO KAISHA,LTD.	0112
93550	RINKO CORPORATION	0112
93600	SUZUYO SHINWART CORPORATION	0112
93610	FUSHIKI KAIRIKU UNSO CO.,LTD.	0112
93620	HYOKI KAIUN KAISHA,LTD.	0112
93630	DAIUN CO.,LTD.	0112
93640	Kamigumi Co.,Ltd.	0111
93650	TRADIA CORPORATION	0112
93660	SANRITSU CORPORATION	0112
93670	DAITO KOUN CO.,LTD.	0112
93680	KIMURA UNITY CO.,LTD.	0112
93690	K.R.S.Corporation	0112
93760	EURASIA TRAVEL Co.,Ltd.	0112
93770	AGP CORPORATION	0112
93800	Azuma Shipping Co.,Ltd.	0112
93810	AIT CORPORATION	0111
93840	NAIGAI TRANS LINE LTD.	0111
93850	SHOEI CORPORATION	0112
93860	NIPPON CONCEPT CORPORATION	0111
93990	Beat Holdings Limited	0112
94010	TBS HOLDINGS,INC.	0111
94040	Nippon Television Holdings,Inc.	0111
94050	ASAHI BROADCASTING GROUP HOLDINGS CORPORATION	0111
94080	BSN MEDIA HOLDINGS,INC.	0112
94090	TV Asahi Holdings Corporation	0111
94120	SKY Perfect JSAT Holdings Inc.	0111
94130	TV TOKYO Holdings Corporation	0111
94140	Nippon BS Broadcasting Corporation	0112
94160	VISION INC.	0111
94170	Smartvalue Co.,Ltd.	0112
94180	U-NEXT HOLDINGS Co.,Ltd.	0111
94190	WirelessGate,Inc.	0112
94210	NJ Holdings Inc.	0112
94230	Forval RealStraight Inc.	0112
94240	Japan Communications Inc.	0111
94250	ReYuu Japan Inc.	0112
94280	CROPS CORPORATION	0112
94320	NTT,Inc.	0111
94330	KDDI CORPORATION	0111
94340	SoftBank Corp.	0111
94345	SoftBank Corp. (shares of preferred stock)	0111
94346	SoftBank Corp. (shares of preferred stock)	0111
94350	HIKARI TSUSHIN,INC.	0111
94360	OKINAWA CELLULAR TELEPHONE COMPANY	0112
94380	MTI Ltd.	0111
94390	M・H・GROUP LTD.	0112
94410	Bell-Park Co.,Ltd.	0112
94440	TOSHIN HOLDINGS CO.,LTD	0112
94450	FORVAL TELECOM,INC.	0112
94460	SAKAI Holdings CO.,LTD	0112
94490	GMO internet group,Inc.	0111
94500	Fibergate Inc.	0111
94660	Aidma Marketing Communication Corporation	0112
94670	AlphaPolis Co.,Ltd.	0113
94680	KADOKAWA CORPORATION	0111
94700	GAKKEN HOLDINGS CO.,LTD.	0111
94740	ZENRIN CO.,LTD.	0111
94750	Shobunsha Holdings,Inc.	0112
94760	CHUOKEIZAI-SHA HOLDINGS,INC.	0112
94780	SE Holdings and Incubations Co.,Ltd.	0112
94790	Impress Holdings, Inc.	0112
95010	Tokyo Electric Power Company Holdings,Incorporated	0111
95020	Chubu Electric Power Company,Incorporated	0111
95030	The Kansai Electric Power Company,Incorporated	0111
95040	The Chugoku Electric Power Company,Incorporated	0111
95050	Hokuriku Electric Power Company	0111
95060	Tohoku Electric Power Company,Incorporated	0111
95070	Shikoku Electric Power Company,Incorporated	0111
95080	Kyushu Electric Power Company,Incorporated	0111
95090	Hokkaido Electric Power Company,Incorporated	0111
95110	The Okinawa Electric Power Company,Incorporated	0111
95130	Electric Power Development Co.,Ltd.	0111
95140	EF-ON INC.	0112
95170	eREX Co.,Ltd.	0111
95190	RENOVA,Inc.	0111
95310	TOKYO GAS CO.,LTD.	0111
95320	OSAKA GAS CO.,LTD.	0111
95330	TOHO GAS CO.,LTD.	0111
95340	HOKKAIDO GAS CO.,LTD.	0111
95350	HIROSHIMA GAS CO.,LTD.	0111
95360	SAIBU GAS HOLDINGS CO.,LTD.	0111
95370	HOKURIKU GAS CO.,LTD.	0112
95390	KEIYO GAS CO.,LTD.	0112
95430	SHIZUOKA GAS CO.,LTD.	0111
95510	METAWATER Co.,Ltd.	0111
95520	M&A Research Institute Holdings Inc.	0111
95530	MicroAd,Inc.	0113
95540	AViC Co.,Ltd.	0113
95560	INTLOOP Inc.	0113
95570	airCloset,Inc.	0113
95580	Japaniace Co.,Ltd.	0113
95600	PROGRIT Inc.	0113
95610	GLAD CUBE Inc.	0113
95620	Business Coach Inc.	0113
95630	Atlas Technologies Corporation	0113
95640	FCE Inc.	0112
95650	GLOE Inc.	0113
96000	I-NET CORP.	0111
96010	Shochiku Co.,Ltd.	0111
96020	TOHO CO.,LTD	0111
96030	H.I.S.Co.,Ltd.	0111
96050	TOEI COMPANY,LTD.	0111
96100	WILSON LEARNING WORLDWIDE INC.	0112
96120	LUCKLAND CO.,LTD.	0111
96130	NTT DATA GROUP CORPORATION	0111
96160	KYORITSU MAINTENANCE CO.,LTD.	0111
96190	ICHINEN HOLDINGS CO.,LTD.	0111
96210	CTI Engineering Co.,Ltd.	0111
96220	SPACE CO.,LTD.	0111
96250	CERESPO CO.,LTD.	0112
96270	AIN HOLDINGS INC.	0111
96280	SAN HOLDINGS,INC.	0111
96290	PCA CORPORATION	0111
96320	Subaru Enterprise Co.,Ltd.	0112
96330	TOKYO THEATRES COMPANY,INCORPORATED	0112
96350	Musashino Kogyo Co.,Ltd.	0112
96360	Kin-Ei Corp.	0112
96390	SANKYO FRONTIER CO.,LTD.	0112
96400	Saison Technology Co.,Ltd.	0112
96440	TANABE CONSULTING GROUP CO.,LTD.	0111
96470	KYOWA ENGINEERING CONSULTANTS CO.,LTD.	0112
96510	Japan Process Development Co.,Ltd.	0112
96560	GREENLAND RESORT COMPANY LIMITED	0112
96580	BUSINESS BRAIN SHOWA・OTA INC.	0111
96610	Kabuki-Za Co.,Ltd.	0112
96630	NAGAWA CO.,Ltd	0111
96720	TOKYOTOKEIBA CO.,LTD.	0111
96780	KANAMOTO CO.,LTD.	0111
96790	HORAI Co.,Ltd.	0112
96820	DTS CORPORATION	0111
96840	SQUARE ENIX HOLDINGS CO.,LTD.	0111
96850	KYCOM HOLDINGS CO.,LTD.	0112
96860	TOYO TEC CO.,LTD.	0112
96870	KSK CO.,LTD	0112
96910	RYOMO SYSTEMS CO.,LTD.	0112
96920	COMPUTER ENGINEERING & CONSULTING LTD.	0111
96960	With us Corporation	0112
96970	CAPCOM CO.,LTD.	0111
96980	CREO CO.,LTD.	0112
96990	NISHIO HOLDINGS CO.,LTD.	0111
97010	Tokyo Kaikan Co.,Ltd.	0112
97020	ISB CORPORATION	0111
97040	Agora Hospitality Group Co.,Ltd.	0112
97060	Japan Airport Terminal Co.,ltd.	0111
97080	Imperial Hotel,Ltd.	0112
97090	NCS&A CO.,LTD.	0112
97130	THE ROYAL HOTEL,LIMITED	0112
97150	transcosmos inc.	0111
97160	NOMURA Co.,Ltd.	0111
97190	SCSK Corporation	0111
97200	HOTEL NEWGRAND CO.,LTD.	0112
97220	FUJITA KANKO INC.	0111
97230	THE KYOTO HOTEL,LTD.	0112
97260	KNT-CT Holdings Co.,Ltd.	0112
97290	TOKAI Corp.	0111
97310	Hakuyosha Company,Ltd.	0112
97330	Nagase Brothers Inc.	0112
97350	SECOM CO.,LTD.	0111
97390	NSW Inc.	0111
97400	CENTRAL SECURITY PATROLS CO.,LTD.	0111
97420	INES Corporation	0111
97430	TANSEISHA CO.,LTD.	0111
97440	MEITEC Group Holdings Inc.	0111
97460	TKC Corporation	0111
97530	IX Knowledge Incorporated	0112
97550	OYO Corporation	0111
97570	Funai Soken Holdings Incorporated	0111
97590	NSD CO.,LTD.	0111
97600	SHINGAKUKAI HOLDINGS CO.,LTD.	0112
97610	TOKAI LEASE CO.,LTD.	0112
97630	Marubeni Construction Material Lease Co.,Ltd.	0112
97650	OHBA CO.,LTD.	0111
97660	KONAMI GROUP CORPORATION	0111
97670	NIKKEN KOGAKU CO.,LTD.	0112
97680	IDEA Consultants,Inc.	0112
97690	GAKKYUSHA CO.,LTD.	0111
97760	SAPPORO CLINICAL LABORATORY INC.	0112
97780	SUBARU CO.,LTD.	0112
97800	HARIMA B.STEM CORPORATION	0112
97820	DMS INC.	0112
97870	AEON DELIGHT CO.,LTD.	0111
97880	NAC CO.,LTD.	0111
97900	Fukui Computer Holdings,Inc.	0111
97910	BIKEN TECHNO CORPORATION	0112
97930	Daiseki Co.,Ltd.	0111
97950	STEP CO.,LTD.	0111
97990	ASAHI INTELLIGENCE SERVICE CO.,LTD.	0112
98120	T.O. Holdings CO.,LTD.	0112
98160	Striders Corporation	0112
98180	DAIMARU ENAWIN Co.,Ltd.	0112
98200	MT GENEX CORPORATION	0112
98230	Mammy Mart Corporation	0112
98240	SENSHU ELECTRIC CO.,LTD.	0111
98270	Lilycolor Co.,Ltd.	0112
98280	Genki Global Dining Concepts Corporation	0112
98300	TRUSCO NAKAYAMA CORPORATION	0111
98310	YAMADA HOLDINGS CO.,LTD.	0111
98320	AUTOBACS SEVEN CO.,LTD.	0111
98350	JUNTENDO CO.,LTD.	0112
98370	MORITO CO.,LTD.	0111
98420	ARCLANDS CORPORATION	0111
98430	Nitori Holdings Co.,Ltd.	0111
98450	PARKER CORPORATION	0112
98460	TENMAYA STORE CO.,LTD.	0112
98490	KYODO PAPER HOLDINGS	0112
98500	GOURMET KINEYA CO.,LTD.	0111
98530	GINZA RENOIR CO.,LTD.	0112
98540	AIGAN CO.,LTD.	0112
98560	KU HOLDINGS CO.,LTD.	0112
98570	EIWA CORPORATION	0112
98610	YOSHINOYA HOLDINGS CO.,LTD.	0111
98670	Solekia Limited	0112
98690	KATO SANGYO CO.,LTD.	0111
98720	KITAKEI CO.,LTD.	0112
98760	COX CO.,LTD.	0112
98780	SEKIDO CO.,LTD.	0112
98800	INNOTECH CORPORATION	0111
98820	YELLOW HAT LTD.	0111
98850	CHARLE CO.,LTD.	0112
98870	MATSUYA FOODS HOLDINGS CO.,LTD.	0111
98880	UEX,LTD.	0112
98890	JBCC Holdings Inc.	0111
98900	MAKIYA CO.,LTD.	0112
98950	CONSEC CORPORATION	0112
98960	JK Holdings Co.,Ltd.	0112
99000	Sagami Holdings Corporation	0111
99020	NICHIDEN Corporation	0111
99030	KANSEKI CO.,LTD	0112
99040	Verite Co.,Ltd.	0112
99060	Fujii Sangyo Corporation	0112
99080	NIHON DENKEI CO.,LTD	0112
99130	NIPPO LTD.	0112
99140	Uematsu Shokai Co.,Ltd.	0112
99270	WATT MANN CO.,LTD.	0112
99280	MIROKU JYOHO SERVICE CO.,LTD.	0111
99290	HEIWA PAPER CO.,LTD.	0112
99300	KITAZAWA SANGYO CO.,LTD.	0112
99320	SUGIMOTO & CO.,LTD.	0111
99340	INABA DENKISANGYO CO.,LTD.	0111
99360	OHSHO FOOD SERVICE CORP.	0111
99410	TAIYO BUSSAN KAISHA,LTD.	0112
99460	MINISTOP CO.,LTD.	0111
99480	ARCS COMPANY,LIMITED	0111
99500	HACHI-BAN CO.,LTD.	0112
99550	THE YONKYU CO.,LTD.	0112
99560	VALOR HOLDINGS CO.,LTD.	0111
99590	ASEED HOLDINGS CO.,LTD.	0112
99600	TOTECH CORPORATION	0111
99620	MISUMI Group Inc.	0111
99690	SHOKUBUN CO.,LTD.	0112
99720	ALTECH CO.,LTD.	0112
99730	KOZO Holdings Co.,Ltd.	0112
99740	Belc CO.,LTD.	0111
99760	SEKICHU CO.,LTD.	0112
99780	BUNKYODO GROUP HOLDINGS CO.,LTD.	0112
99790	DAISYO CORPORATION	0112
99800	MRK HOLDINGS INC.	0112
99820	Takihyo Co.,Ltd.	0112
99830	FAST RETAILING CO.,LTD.	0111
99840	SoftBank Group Corp.	0111
99860	ZAOH COMPANY,LTD.	0112
99870	SUZUKEN CO.,LTD.	0111
99890	SUNDRUG CO.,LTD.	0111
99900	SAC'S BAR HOLDINGS INC.	0111
99910	GECOSS CORPORATION	0111
99930	YAMAZAWA CO.,LTD.	0112
99940	YAMAYA CORPORATION	0112
99960	Satoh&Co.,Ltd.	0112
99970	BELLUNA CO.,LTD.	0111
